category	go_id	name	namespace	definition
0000049	GO:0000049	tRNA binding	molecular_function	Binding to a transfer RNA.
0000160	GO:0000160	phosphorelay signal transduction system	biological_process	A conserved series of molecular signals found in prokaryotes and eukaryotes; involves autophosphorylation of a histidine kinase and the transfer of the phosphate group to an aspartate that then acts as a phospho-donor to response regulator proteins.
0000166	GO:0000166	nucleotide binding	molecular_function	Binding to a nucleotide, any compound consisting of a nucleoside that is esterified with (ortho)phosphate or an oligophosphate at any hydroxyl group on the ribose or deoxyribose.
0000179	GO:0000179	rRNA (adenine-N6,N6-)-dimethyltransferase activity	molecular_function	Catalysis of the dimethylation of two adjacent adenine residues in a rRNA, using S-adenosyl-L-methionine as a methyl donor.
0000287	GO:0000287	magnesium ion binding	molecular_function	Binding to a magnesium (Mg) ion.
0000311	GO:0000311	plastid large ribosomal subunit	cellular_component	The larger of the two subunits of a plastid ribosome. Two sites on the ribosomal large subunit are involved in translation: the aminoacyl site (A site) and peptidyl site (P site).
0000314	GO:0000314	organellar small ribosomal subunit	cellular_component	The smaller of the two subunits of an organellar ribosome.
0000315	GO:0000315	organellar large ribosomal subunit	cellular_component	The larger of the two subunits of an organellar ribosome. Two sites on the ribosomal large subunit are involved in translation: the aminoacyl site (A site) and peptidyl site (P site).
0001522	GO:0001522	pseudouridine synthesis	biological_process	The intramolecular conversion of uridine to pseudouridine within an RNA molecule.
0002949	GO:0002949	tRNA threonylcarbamoyladenosine modification	biological_process	The attachment of a carbonyl group and a threonine to the amino group of the adenine residue immediately 3' of the anticodon, in tRNAs that decode ANN codons (where N is any base).
0003676	GO:0003676	nucleic acid binding	molecular_function	Binding to a nucleic acid.
0003677	GO:0003677	DNA binding	molecular_function	Any molecular function by which a gene product interacts selectively and non-covalently with DNA (deoxyribonucleic acid).
0003678	GO:0003678	DNA helicase activity	molecular_function	Unwinding of a DNA helix, driven by ATP hydrolysis.
0003684	GO:0003684	damaged DNA binding	molecular_function	Binding to damaged DNA.
0003697	GO:0003697	single-stranded DNA binding	molecular_function	Binding to single-stranded DNA.
0003700	GO:0003700	DNA-binding transcription factor activity	molecular_function	A transcription regulator activity that modulates transcription of gene sets via selective and non-covalent binding to a specific double-stranded genomic DNA sequence (sometimes referred to as a motif) within a cis-regulatory region. Regulatory regions include promoters (proximal and distal) and enhancers. Genes are transcriptional units, and include bacterial operons.
0003723	GO:0003723	RNA binding	molecular_function	Binding to an RNA molecule or a portion thereof.
0003735	GO:0003735	structural constituent of ribosome	molecular_function	The action of a molecule that contributes to the structural integrity of the ribosome.
0003743	GO:0003743	translation initiation factor activity	molecular_function	Functions in the initiation of ribosome-mediated translation of mRNA into a polypeptide.
0003746	GO:0003746	translation elongation factor activity	molecular_function	Functions in chain elongation during polypeptide synthesis at the ribosome.
0003755	GO:0003755	peptidyl-prolyl cis-trans isomerase activity	molecular_function	Catalysis of the reaction: peptidyl-proline (omega=180) = peptidyl-proline (omega=0).
0003824	GO:0003824	catalytic activity	molecular_function	Catalysis of a biochemical reaction at physiological temperatures. In biologically catalyzed reactions, the reactants are known as substrates, and the catalysts are naturally occurring macromolecular substances known as enzymes. Enzymes possess specific binding sites for substrates, and are usually composed wholly or largely of protein, but RNA that has catalytic activity (ribozyme) is often also regarded as enzymatic.
0003887	GO:0003887	DNA-directed DNA polymerase activity	molecular_function	Catalysis of the reaction: deoxynucleoside triphosphate + DNA(n) = diphosphate + DNA(n+1); DNA-template-directed extension of the 3'-end of a DNA strand by one nucleotide at a time.
0003899	GO:0003899	DNA-directed RNA polymerase activity	molecular_function	Catalysis of the reaction: nucleoside triphosphate + RNA(n) = diphosphate + RNA(n+1). Utilizes a DNA template, i.e. the catalysis of DNA-template-directed extension of the 3'-end of an RNA strand by one nucleotide at a time. Can initiate a chain 'de novo'.
0003918	GO:0003918	DNA topoisomerase type II (double strand cut, ATP-hydrolyzing) activity	molecular_function	Catalysis of a DNA topological transformation by transiently cleaving a pair of complementary DNA strands to form a gate through which a second double-stranded DNA segment is passed, after which the severed strands in the first DNA segment are rejoined, driven by ATP hydrolysis. The enzyme changes the linking number in multiples of 2.
0003922	GO:0003922	GMP synthase (glutamine-hydrolyzing) activity	molecular_function	Catalysis of the reaction: ATP + XMP + L-glutamine + H2O = AMP + diphosphate + GMP + L-glutamate + 2H+.
0003924	GO:0003924	GTPase activity	molecular_function	Catalysis of the reaction: GTP + H2O = GDP + H+ + phosphate.
0004045	GO:0004045	peptidyl-tRNA hydrolase activity	molecular_function	Catalysis of the reaction: an N-acyl-L-alpha-aminoacyl-tRNA + H2O = an N-acyl-L-amino acid + a tRNA + H+.
0004140	GO:0004140	dephospho-CoA kinase activity	molecular_function	Catalysis of the reaction: 3'-dephospho-CoA + ATP = ADP + CoA + 2 H+.
0004190	GO:0004190	aspartic-type endopeptidase activity	molecular_function	Catalysis of the hydrolysis of internal, alpha-peptide bonds in a polypeptide chain by a mechanism in which a water molecule bound by the side chains of aspartic residues at the active center acts as a nucleophile.
0004222	GO:0004222	metalloendopeptidase activity	molecular_function	Catalysis of the hydrolysis of internal, alpha-peptide bonds in a polypeptide chain by a mechanism in which water acts as a nucleophile, one or two metal ions hold the water molecule in place, and charged amino acid side chains are ligands for the metal ions.
0004252	GO:0004252	serine-type endopeptidase activity	molecular_function	Catalysis of the hydrolysis of internal, alpha-peptide bonds in a polypeptide chain by a catalytic mechanism that involves a catalytic triad consisting of a serine nucleophile that is activated by a proton relay involving an acidic residue (e.g. aspartate or glutamate) and a basic residue (usually histidine).
0004386	GO:0004386	helicase activity	molecular_function	Catalysis of the reaction: ATP + H2O = ADP + phosphate, to drive the unwinding of a DNA or RNA helix.
0004478	GO:0004478	methionine adenosyltransferase activity	molecular_function	Catalysis of the reaction: ATP + L-methionine + H2O = phosphate + diphosphate + S-adenosyl-L-methionine.
0004479	GO:0004479	methionyl-tRNA formyltransferase activity	molecular_function	Catalysis of the reaction: 10-formyltetrahydrofolate + L-methionyl-tRNA + H2O = tetrahydrofolate + N-formylmethionyl-tRNA.
0004523	GO:0004523	RNA-DNA hybrid ribonuclease activity	molecular_function	Catalysis of the endonucleolytic cleavage of RNA in RNA-DNA hybrids to 5'-phosphomonoesters.
0004540	GO:0004540	RNA nuclease activity	molecular_function	Catalysis of the cleavage of phosphodiester bonds in chains of RNA.
0004595	GO:0004595	pantetheine-phosphate adenylyltransferase activity	molecular_function	Catalysis of the reaction: ATP + pantetheine 4'-phosphate = 3'-dephospho-CoA + diphosphate.
0004750	GO:0004750	D-ribulose-phosphate 3-epimerase activity	molecular_function	Catalysis of the reaction: D-ribulose 5-phosphate = D-xylulose 5-phosphate.
0004812	GO:0004812	aminoacyl-tRNA ligase activity	molecular_function	Catalysis of the formation of aminoacyl-tRNA from ATP, amino acid, and tRNA with the release of diphosphate and AMP.
0004813	GO:0004813	alanine-tRNA ligase activity	molecular_function	Catalysis of the reaction: ATP + L-alanine + tRNA(Ala) = AMP + diphosphate + L-alanyl-tRNA(Ala).
0004814	GO:0004814	arginine-tRNA ligase activity	molecular_function	Catalysis of the reaction: ATP + L-arginine + tRNA(Arg) = AMP + diphosphate + L-arginyl-tRNA(Arg).
0004817	GO:0004817	cysteine-tRNA ligase activity	molecular_function	Catalysis of the reaction: ATP + L-cysteine + tRNA(Cys) = AMP + diphosphate + L-cysteinyl-tRNA(Cys).
0004818	GO:0004818	glutamate-tRNA ligase activity	molecular_function	Catalysis of the reaction: ATP + L-glutamate + tRNA(Glu) = AMP + diphosphate + L-glutamyl-tRNA(Glu).
0004820	GO:0004820	glycine-tRNA ligase activity	molecular_function	Catalysis of the reaction: ATP + glycine + tRNA(Gly) = AMP + diphosphate + glycyl-tRNA(Gly).
0004821	GO:0004821	histidine-tRNA ligase activity	molecular_function	Catalysis of the reaction: ATP + L-histidine + tRNA(His) = AMP + diphosphate + L-histidyl-tRNA(His).
0004822	GO:0004822	isoleucine-tRNA ligase activity	molecular_function	Catalysis of the reaction: L-isoleucine + ATP + tRNA(Ile) = L-isoleucyl-tRNA(Ile) + AMP + diphosphate + 2 H+.
0004823	GO:0004823	leucine-tRNA ligase activity	molecular_function	Catalysis of the reaction: leucine + ATP + tRNA(Leu) = AMP + diphosphate + 2 H+ + Leu-tRNA(Leu).
0004824	GO:0004824	lysine-tRNA ligase activity	molecular_function	Catalysis of the reaction: ATP + L-lysine + tRNA(Lys) = AMP + diphosphate + L-lysyl-tRNA(Lys).
0004825	GO:0004825	methionine-tRNA ligase activity	molecular_function	Catalysis of the reaction: ATP + L-methionine + tRNA(Met) = AMP + diphosphate + L-methionyl-tRNA(Met).
0004826	GO:0004826	phenylalanine-tRNA ligase activity	molecular_function	Catalysis of the reaction: ATP + L-phenylalanine + tRNA(Phe) = AMP + diphosphate + L-phenylalanyl-tRNA(Phe).
0004827	GO:0004827	proline-tRNA ligase activity	molecular_function	Catalysis of the reaction: ATP + L-proline + tRNA(Pro) = AMP + diphosphate + L-prolyl-tRNA(Pro).
0004828	GO:0004828	serine-tRNA ligase activity	molecular_function	Catalysis of the reaction: ATP + L-serine + tRNA(Ser) = AMP + diphosphate + L-seryl-tRNA(Ser). Also catalyzes the formation of L-seryl-tRNA(Sec) from tRNA(Sec), the special tRNA for selenocysteine.
0004829	GO:0004829	threonine-tRNA ligase activity	molecular_function	Catalysis of the reaction: ATP + L-threonine + tRNA(Thr) = AMP + diphosphate + L-threonyl-tRNA(Thr).
0004830	GO:0004830	tryptophan-tRNA ligase activity	molecular_function	Catalysis of the reaction: ATP + L-tryptophan + tRNA(Trp) = AMP + diphosphate + L-tryptophanyl-tRNA(Trp).
0004831	GO:0004831	tyrosine-tRNA ligase activity	molecular_function	Catalysis of the reaction: L-tyrosine + ATP + tRNA(Tyr) = L-tyrosyl-tRNA(Tyr) + AMP + diphosphate + 2 H+.
0004832	GO:0004832	valine-tRNA ligase activity	molecular_function	Catalysis of the reaction: L-valine + ATP + tRNA(Val) = L-valyl-tRNA(Val) + AMP + diphosphate + 2 H+.
0005047	GO:0005047	signal recognition particle binding	molecular_function	Binding to a signal recognition particle.
0005048	GO:0005048	signal sequence binding	molecular_function	Binding to a signal sequence, a specific peptide sequence found on protein precursors or mature proteins that dictates where the mature protein is localized.
0005515	GO:0005515	protein binding	molecular_function	Binding to a protein.
0005524	GO:0005524	ATP binding	molecular_function	Binding to ATP, adenosine 5'-triphosphate, a universally important coenzyme and enzyme regulator.
0005525	GO:0005525	GTP binding	molecular_function	Binding to GTP, guanosine triphosphate.
0005737	GO:0005737	cytoplasm	cellular_component	The contents of a cell excluding the plasma membrane and nucleus, but including other subcellular structures.
0005840	GO:0005840	ribosome	cellular_component	An intracellular organelle, about 200 A in diameter, consisting of RNA and protein. It is the site of protein biosynthesis resulting from translation of messenger RNA (mRNA). It consists of two subunits, one large and one small, each containing only protein and RNA. Both the ribosome and its subunits are characterized by their sedimentation coefficients, expressed in Svedberg units (symbol: S). Hence, the prokaryotic ribosome (70S) comprises a large (50S) subunit and a small (30S) subunit, while the eukaryotic ribosome (80S) comprises a large (60S) subunit and a small (40S) subunit. Two sites on the ribosomal large subunit are involved in translation, namely the aminoacyl site (A site) and peptidyl site (P site). Ribosomes from prokaryotes, eukaryotes, mitochondria, and chloroplasts have characteristically distinct ribosomal proteins.
0005886	GO:0005886	plasma membrane	cellular_component	The membrane surrounding a cell that separates the cell from its external environment. It consists of a phospholipid bilayer and associated proteins.
0005975	GO:0005975	carbohydrate metabolic process	biological_process	The chemical reactions and pathways involving carbohydrates, any of a group of organic compounds based of the general formula Cx(H2O)y.
0006006	GO:0006006	glucose metabolic process	biological_process	The chemical reactions and pathways involving glucose, the aldohexose gluco-hexose. D-glucose is dextrorotatory and is sometimes known as dextrose; it is an important source of energy for living organisms and is found free as well as combined in homo- and hetero-oligosaccharides and polysaccharides.
0006096	GO:0006096	glycolytic process	biological_process	The chemical reactions and pathways resulting in the breakdown of a carbohydrate into pyruvate, with the concomitant production of a small amount of ATP and the reduction of NAD(P) to NAD(P)H. Glycolysis begins with the metabolism of a carbohydrate to generate products that can enter the pathway and ends with the production of pyruvate. Pyruvate may be converted to acetyl-coenzyme A, ethanol, lactate, or other small molecules.
0006098	GO:0006098	pentose-phosphate shunt	biological_process	The metabolic process in which glucose-6-phosphate is oxidized to form carbon dioxide (CO2) and ribulose 5-phosphate, coupled to reduction of NADP+ to NADPH; ribulose 5-P then enters a series of reactions that can yield biosynthetic precursors (ribose-5-phosphate and erythrose-4-phosphate) and glycolytic intermediates (fructose-6-phosphate and glyceraldehyde-3-phosphate).
0006164	GO:0006164	purine nucleotide biosynthetic process	biological_process	The chemical reactions and pathways resulting in the formation of a purine nucleotide, a compound consisting of nucleoside (a purine base linked to a deoxyribose or ribose sugar) esterified with a phosphate group at either the 3' or 5'-hydroxyl group of the sugar.
0006177	GO:0006177	GMP biosynthetic process	biological_process	The chemical reactions and pathways resulting in the formation of GMP, guanosine monophosphate.
0006221	GO:0006221	pyrimidine nucleotide biosynthetic process	biological_process	The chemical reactions and pathways resulting in the formation of a pyrimidine nucleotide, a compound consisting of nucleoside (a pyrimidine base linked to a deoxyribose or ribose sugar) esterified with a phosphate group at either the 3' or 5'-hydroxyl group of the sugar.
0006260	GO:0006260	DNA replication	biological_process	The cellular metabolic process in which a cell duplicates one or more molecules of DNA. DNA replication begins when specific sequences, known as origins of replication, are recognized and bound by the origin recognition complex, and ends when the original DNA molecule has been completely duplicated and the copies topologically separated. The unit of replication usually corresponds to the genome of the cell, an organelle, or a virus. The template for replication can either be an existing DNA molecule or RNA.
0006265	GO:0006265	DNA topological change	biological_process	The process in which a transformation is induced in the topological structure of a double-stranded DNA helix, resulting in a change in linking number.
0006269	GO:0006269	DNA replication, synthesis of primer	biological_process	The synthesis of a short nucleotide polymer using one strand of unwound DNA as a template. The product is usually a RNA molecule between 4-15 nucleotides long that provides a free 3'-OH that can be extended by DNA-directed DNA polymerases. In certain conditions, for example in response to DNA damage, some primases synthesize a DNA primer.
0006275	GO:0006275	regulation of DNA replication	biological_process	Any process that modulates the frequency, rate or extent of DNA replication.
0006281	GO:0006281	DNA repair	biological_process	The process of restoring DNA after damage. Genomes are subject to damage by chemical and physical agents in the environment (e.g. UV and ionizing radiations, chemical mutagens, fungal and bacterial toxins, etc.) and by free radicals or alkylating agents endogenously generated in metabolism. DNA is also damaged because of errors during its replication. A variety of different DNA repair pathways have been reported that include direct reversal, base excision repair, nucleotide excision repair, photoreactivation, bypass, double-strand break repair pathway, and mismatch repair pathway.
0006289	GO:0006289	nucleotide-excision repair	biological_process	A DNA repair process in which a small region of the strand surrounding the damage is removed from the DNA helix as an oligonucleotide. The small gap left in the DNA helix is filled in by the sequential action of DNA polymerase and DNA ligase. Nucleotide excision repair recognizes a wide range of substrates, including damage caused by UV irradiation (pyrimidine dimers and 6-4 photoproducts) and chemicals (intrastrand cross-links and bulky adducts).
0006310	GO:0006310	DNA recombination	biological_process	Any process in which a new genotype is formed by reassortment of genes resulting in gene combinations different from those that were present in the parents. In eukaryotes genetic recombination can occur by chromosome assortment, intrachromosomal recombination, or nonreciprocal interchromosomal recombination. Interchromosomal recombination occurs by crossing over. In bacteria it may occur by genetic transformation, conjugation, transduction, or F-duction.
0006351	GO:0006351	DNA-templated transcription	biological_process	The synthesis of an RNA transcript from a DNA template.
0006353	GO:0006353	DNA-templated transcription termination	biological_process	The completion of transcription: the RNA polymerase pauses, the RNA-DNA hybrid dissociates, followed by the release of the RNA polymerase from its DNA template.
0006355	GO:0006355	regulation of DNA-templated transcription	biological_process	Any process that modulates the frequency, rate or extent of cellular DNA-templated transcription.
0006364	GO:0006364	rRNA processing	biological_process	Any process involved in the conversion of a primary ribosomal RNA (rRNA) transcript into one or more mature rRNA molecules.
0006396	GO:0006396	RNA processing	biological_process	Any process involved in the conversion of one or more primary RNA transcripts into one or more mature RNA molecules.
0006400	GO:0006400	tRNA modification	biological_process	The covalent alteration of one or more nucleotides within a tRNA molecule to produce a tRNA molecule with a sequence that differs from that coded genetically.
0006402	GO:0006402	mRNA catabolic process	biological_process	The chemical reactions and pathways resulting in the breakdown of mRNA, messenger RNA, which is responsible for carrying the coded genetic 'message', transcribed from DNA, to sites of protein assembly at the ribosomes.
0006412	GO:0006412	translation	biological_process	The cellular metabolic process in which a protein is formed, using the sequence of a mature mRNA or circRNA molecule to specify the sequence of amino acids in a polypeptide chain. Translation is mediated by the ribosome, and begins with the formation of a ternary complex between aminoacylated initiator methionine tRNA, GTP, and initiation factor 2, which subsequently associates with the small subunit of the ribosome and an mRNA or circRNA. Translation ends with the release of a polypeptide chain from the ribosome.
0006413	GO:0006413	translational initiation	biological_process	The process preceding formation of the peptide bond between the first two amino acids of a protein. This includes the formation of a complex of the ribosome, mRNA or circRNA, and an initiation complex that contains the first aminoacyl-tRNA.
0006414	GO:0006414	translational elongation	biological_process	The successive addition of amino acid residues to a nascent polypeptide chain during protein biosynthesis.
0006415	GO:0006415	translational termination	biological_process	The process resulting in the release of a polypeptide chain from the ribosome, usually in response to a termination codon (UAA, UAG, or UGA in the universal genetic code).
0006418	GO:0006418	tRNA aminoacylation for protein translation	biological_process	The synthesis of aminoacyl tRNA by the formation of an ester bond between the 3'-hydroxyl group of the most 3' adenosine of the tRNA and the alpha carboxylic acid group of an amino acid, to be used in ribosome-mediated polypeptide synthesis.
0006419	GO:0006419	alanyl-tRNA aminoacylation	biological_process	The process of coupling alanine to alanyl-tRNA, catalyzed by alanyl-tRNA synthetase. The alanyl-tRNA synthetase is a class-II synthetases. The activated amino acid is transferred to the 3'-OH group of an alanine accetping tRNA.
0006420	GO:0006420	arginyl-tRNA aminoacylation	biological_process	The process of coupling arginine to arginyl-tRNA, catalyzed by arginyl-tRNA synthetase. The arginyl-tRNA synthetase is a class-I synthetase. The activated amino acid is transferred to the 2'-OH group of an alanine accetping tRNA. The 2'-O-aminoacyl-tRNA will ultimately migrate to the 3' position via transesterification.
0006423	GO:0006423	cysteinyl-tRNA aminoacylation	biological_process	The process of coupling cysteine to cysteinyl-tRNA, catalyzed by cysteinyl-tRNA synthetase. A cysteinyl-tRNA synthetase is a class-I synthetase. The activated amino acid is transferred to the 2'-OH group of a cysteine-accetping tRNA. The 2'-O-aminoacyl-tRNA will ultimately migrate to the 3' position via transesterification.
0006424	GO:0006424	glutamyl-tRNA aminoacylation	biological_process	The process of coupling glutamate to glutamyl-tRNA, catalyzed by glutamyl-tRNA synthetase. The glutamyl-tRNA synthetase is a class-I synthetase. The activated amino acid is transferred to the 2'-OH group of a glutamic acid-accetping tRNA. The 2'-O-aminoacyl-tRNA will ultimately migrate to the 3' position via transesterification.
0006426	GO:0006426	glycyl-tRNA aminoacylation	biological_process	The process of coupling glycine to glycyl-tRNA, catalyzed by glycyl-tRNA synthetase. The glycyll-tRNA synthetase is a class-II synthetase. The activated amino acid is transferred to the 3'-OH group of a glycine-accepting tRNA.
0006427	GO:0006427	histidyl-tRNA aminoacylation	biological_process	The process of coupling histidine to histidyl-tRNA, catalyzed by histidyl-tRNA synthetase. The histidyl-tRNA synthetase is a class-II synthetase. The activated amino acid is transferred to the 3''-OH group of a histidine-accetping tRNA.
0006428	GO:0006428	isoleucyl-tRNA aminoacylation	biological_process	The process of coupling isoleucine to isoleucyl-tRNA, catalyzed by isoleucyl-tRNA synthetase. The isoleucyl-tRNA synthetase is a class-I synthetase. The activated amino acid is transferred to the 2'-OH group of a isoleucine-accetping tRNA. The 2'-O-aminoacyl-tRNA will ultimately migrate to the 3' position via transesterification.
0006429	GO:0006429	leucyl-tRNA aminoacylation	biological_process	The process of coupling leucine to leucyl-tRNA, catalyzed by leucyl-tRNA synthetase. The leucyl-tRNA synthetase is a class-I synthetase. The activated amino acid is transferred to the 2'-OH group of a leucine-accetping tRNA. The 2'-O-aminoacyl-tRNA will ultimately migrate to the 3' position via transesterification.
0006430	GO:0006430	lysyl-tRNA aminoacylation	biological_process	The process of coupling lysine to lysyl-tRNA, catalyzed by lysyl-tRNA synthetase. The lysyl-tRNA synthetase is a class-II synthetase. The activated amino acid is transferred to the 3'-OH group of a lysine-accetping tRNA.
0006431	GO:0006431	methionyl-tRNA aminoacylation	biological_process	The process of coupling methionine to methionyl-tRNA, catalyzed by methionyl-tRNA synthetase. The methionyl-tRNA synthetase is a class-I synthetase. The activated amino acid is transferred to the 2'-OH group of a methionine-accetping tRNA. The 2'-O-aminoacyl-tRNA will ultimately migrate to the 3' position via transesterification.
0006432	GO:0006432	phenylalanyl-tRNA aminoacylation	biological_process	The process of coupling phenylalanine to phenylalanyl-tRNA, catalyzed by phenylalanyl-tRNA synthetase. The phenylalanyl-tRNA synthetase is a class-II synthetase. However, unlike other class II enzymes, The activated amino acid is transferred to the 2'-OH group of a phenylalanine-accepting tRNA. The 2'-O-aminoacyl-tRNA will ultimately migrate to the 3' position via transesterification.
0006433	GO:0006433	prolyl-tRNA aminoacylation	biological_process	The process of coupling proline to prolyl-tRNA, catalyzed by prolyl-tRNA synthetase. The prolyl-tRNA synthetase is a class-II synthetase. The activated amino acid is transferred to the 3'-OH group of a methionine-accetping tRNA.
0006434	GO:0006434	seryl-tRNA aminoacylation	biological_process	The process of coupling serine to seryl-tRNA, catalyzed by seryl-tRNA synthetase. The seryl-tRNA synthetase is a class-II synthetase. The activated amino acid is transferred to the 3'-OH group of a serine-accetping tRNA.
0006435	GO:0006435	threonyl-tRNA aminoacylation	biological_process	The process of coupling threonine to threonyl-tRNA, catalyzed by threonyl-tRNA synthetase. The threonyl-tRNA synthetase is a class-II synthetase. The activated amino acid is transferred to the 3'-OH group of a threonine-accetping tRNA.
0006436	GO:0006436	tryptophanyl-tRNA aminoacylation	biological_process	The process of coupling tryptophan to tryptophanyl-tRNA, catalyzed by tryptophanyl-tRNA synthetase. The tryptophanyl-tRNA synthetase is a class-I synthetase. The activated amino acid is transferred to the 2'-OH group of a tryptophan-accetping tRNA. The 2'-O-aminoacyl-tRNA will ultimately migrate to the 3' position via transesterification.
0006437	GO:0006437	tyrosyl-tRNA aminoacylation	biological_process	The process of coupling tyrosine to tyrosyl-tRNA, catalyzed by tyrosyl-tRNA synthetase. The tyrosyl-tRNA synthetase is a class-I synthetase. The activated amino acid is transferred to the 2'-OH group of a tyrosine-accetping tRNA. The 2'-O-aminoacyl-tRNA will ultimately migrate to the 3' position via transesterification.
0006438	GO:0006438	valyl-tRNA aminoacylation	biological_process	The process of coupling valine to valyl-tRNA, catalyzed by valyl-tRNA synthetase. The valyl-tRNA synthetase is a class-I synthetase. The activated amino acid is transferred to the 2'-OH group of a valine-accetping tRNA. The 2'-O-aminoacyl-tRNA will ultimately migrate to the 3' position via transesterification.
0006457	GO:0006457	protein folding	biological_process	The process of assisting in the covalent and noncovalent assembly of single chain polypeptides or multisubunit complexes into the correct tertiary structure.
0006465	GO:0006465	signal peptide processing	biological_process	The proteolytic removal of a signal peptide from a protein during or after transport to a specific location in the cell.
0006508	GO:0006508	proteolysis	biological_process	The hydrolysis of proteins into smaller polypeptides and/or amino acids by cleavage of their peptide bonds.
0006520	GO:0006520	amino acid metabolic process	biological_process	The chemical reactions and pathways involving amino acids, carboxylic acids containing one or more amino groups.
0006556	GO:0006556	S-adenosylmethionine biosynthetic process	biological_process	The chemical reactions and pathways resulting in the formation of S-adenosylmethionine, S-(5'-adenosyl)-L-methionine, an important intermediate in one-carbon metabolism.
0006614	GO:0006614	SRP-dependent cotranslational protein targeting to membrane	biological_process	The targeting of proteins to a membrane that occurs during translation and is dependent upon two key components, the signal-recognition particle (SRP) and the SRP receptor. SRP is a cytosolic particle that transiently binds to the endoplasmic reticulum (ER) signal sequence in a nascent protein, to the large ribosomal unit, and to the SRP receptor in the ER membrane.
0006633	GO:0006633	fatty acid biosynthetic process	biological_process	The chemical reactions and pathways resulting in the formation of a fatty acid, any of the aliphatic monocarboxylic acids that can be liberated by hydrolysis from naturally occurring fats and oils. Fatty acids are predominantly straight-chain acids of 4 to 24 carbon atoms, which may be saturated or unsaturated; branched fatty acids and hydroxy fatty acids also occur, and very long chain acids of over 30 carbons are found in waxes.
0007165	GO:0007165	signal transduction	biological_process	The cellular process in which a signal is conveyed to trigger a change in the activity or state of a cell. Signal transduction begins with reception of a signal (e.g. a ligand binding to a receptor or receptor activation by a stimulus such as light), or for signal transduction in the absence of ligand, signal-withdrawal or the activity of a constitutively active receptor. Signal transduction ends with regulation of a downstream cellular process, e.g. regulation of transcription or regulation of a metabolic process. Signal transduction covers signaling from receptors located on the surface of the cell and signaling via molecules located within the cell. For signaling between cells, signal transduction is restricted to events at and within the receiving cell.
0008033	GO:0008033	tRNA processing	biological_process	The process in which a pre-tRNA molecule is converted to a mature tRNA, ready for addition of an aminoacyl group.
0008080	GO:0008080	N-acetyltransferase activity	molecular_function	Catalysis of the transfer of an acetyl group to a nitrogen atom on the acceptor molecule.
0008094	GO:0008094	ATP-dependent activity, acting on DNA	molecular_function	Catalytic activity that acts to modify DNA, driven by ATP hydrolysis.
0008135	GO:0008135	translation factor activity, RNA binding	molecular_function	Functions during translation by binding to RNA during polypeptide synthesis at the ribosome.
0008152	GO:0008152	metabolic process	biological_process	A cellular process consisting of the biochemical pathways by which a living organism transforms chemical substances. This includes including anabolism (biosynthetic process) and catabolism (catabolic process). Metabolic processes includes the transformation of small molecules, as well  macromolecular processes such as DNA repair and replication, protein synthesis and degradation.
0008168	GO:0008168	methyltransferase activity	molecular_function	Catalysis of the transfer of a methyl group to an acceptor molecule.
0008173	GO:0008173	RNA methyltransferase activity	molecular_function	Catalysis of the transfer of a methyl group from a donor to a nucleoside residue in an RNA molecule.
0008233	GO:0008233	peptidase activity	molecular_function	Catalysis of the hydrolysis of a peptide bond. A peptide bond is a covalent bond formed when the carbon atom from the carboxyl group of one amino acid shares electrons with the nitrogen atom from the amino group of a second amino acid.
0008270	GO:0008270	zinc ion binding	molecular_function	Binding to a zinc ion (Zn).
0008299	GO:0008299	isoprenoid biosynthetic process	biological_process	The chemical reactions and pathways resulting in the formation of an isoprenoid compound, isoprene (2-methylbuta-1,3-diene) or compounds containing or derived from linked isoprene (3-methyl-2-butenylene) residues.
0008324	GO:0008324	monoatomic cation transmembrane transporter activity	molecular_function	Enables the transfer of cation from one side of a membrane to the other.
0008360	GO:0008360	regulation of cell shape	biological_process	Any process that modulates the surface configuration of a cell.
0008408	GO:0008408	3'-5' exonuclease activity	molecular_function	Catalysis of the hydrolysis of ester linkages within nucleic acids by removing nucleotide residues from the 3' end.
0008649	GO:0008649	rRNA methyltransferase activity	molecular_function	Catalysis of the transfer of a methyl group from S-adenosyl-L-methionine to a nucleoside residue in an rRNA molecule.
0008654	GO:0008654	phospholipid biosynthetic process	biological_process	The chemical reactions and pathways resulting in the formation of a phospholipid, a lipid containing phosphoric acid as a mono- or diester.
0008658	GO:0008658	penicillin binding	molecular_function	Binding to penicillin, an antibiotic that contains the condensed beta-lactamthiazolidine ring system.
0008757	GO:0008757	S-adenosylmethionine-dependent methyltransferase activity	molecular_function	Catalysis of the transfer of a methyl group from S-adenosyl-L-methionine to a substrate.
0009055	GO:0009055	electron transfer activity	molecular_function	A molecular function representing the directed movement of electrons from one molecular entity to another, typically mediated by electron carriers or acceptors, resulting in the transfer of energy and/or the reduction-oxidation (redox) transformation of chemical species. This activity is fundamental to various biological processes, including cellular respiration and photosynthesis, as well as numerous enzymatic reactions involved in metabolic pathways.
0009058	GO:0009058	biosynthetic process	biological_process	A cellular process consisting of the biochemical pathways by which a living organism synthesizes chemical substances. This typically represents the energy-requiring part of metabolism in which simpler substances are transformed into more complex ones.
0009116	GO:0009116	nucleoside metabolic process	biological_process	The chemical reactions and pathways involving a nucleoside, a nucleobase linked to either beta-D-ribofuranose (a ribonucleoside) or 2-deoxy-beta-D-ribofuranose, (a deoxyribonucleoside), e.g. adenosine, guanosine, inosine, cytidine, uridine and deoxyadenosine, deoxyguanosine, deoxycytidine and thymidine (= deoxythymidine).
0009152	GO:0009152	purine ribonucleotide biosynthetic process	biological_process	The chemical reactions and pathways resulting in the formation of a purine ribonucleotide, a compound consisting of ribonucleoside (a purine base linked to a ribose sugar) esterified with a phosphate group at either the 3' or 5'-hydroxyl group of the sugar.
0009228	GO:0009228	thiamine biosynthetic process	biological_process	The chemical reactions and pathways resulting in the formation of thiamine (vitamin B1), a water soluble vitamin present in fresh vegetables and meats, especially liver.
0009252	GO:0009252	peptidoglycan biosynthetic process	biological_process	The chemical reactions and pathways resulting in the formation of peptidoglycans, any of a class of glycoconjugates found in bacterial cell walls and consisting of long glycan strands of alternating residues of beta-(1,4) linked N-acetylglucosamine and N-acetylmuramic acid, cross-linked by short peptides.
0009306	GO:0009306	protein secretion	biological_process	The controlled release of proteins from a cell.
0009360	GO:0009360	DNA polymerase III complex	cellular_component	The DNA polymerase III holoenzyme is a complex that contains 10 different types of subunits. These subunits are organized into 3 functionally essential sub-assemblies: the pol III core, the beta sliding clamp processivity factor and the clamp-loading complex. The pol III core carries out the polymerase and the 3'-5' exonuclease proofreading activities. The polymerase is tethered to the template via the sliding clamp processivity factor. The clamp-loading complex assembles the beta processivity factor onto the primer template and plays a central role in the organization and communication at the replication fork.
0009378	GO:0009378	four-way junction helicase activity	molecular_function	Unwinding a DNA helix of DNA containing four-way junctions, including Holliday junctions, driven by ATP hydrolysis.
0009379	GO:0009379	Holliday junction helicase complex	cellular_component	A DNA helicase complex found at Holliday junctions where the helicase activity is involved in the migration of the junction branch point. The best-characterized example is the E. coli RuvAB complex, in which a hexamer of RuvB subunits possesses helicase activity that is modulated by association with RuvA.
0009380	GO:0009380	excinuclease repair complex	cellular_component	Any of the protein complexes formed by the UvrABC excinuclease system, which carries out nucleotide excision repair. Three different complexes are formed by the 3 proteins as they proceed through the excision repair process. First a complex consisting of two A subunits and two B subunits bind DNA and unwind it around the damaged site. Then, the A subunits disassociate leaving behind a stable complex between B subunits and DNA. Now, subunit C binds to this B+DNA complex and causes subunit B to nick the DNA on one side of the complex while subunit C nicks the DNA on the other side of the complex. DNA polymerase I and DNA ligase can then repair the resulting gap.
0009435	GO:0009435	NAD+ biosynthetic process	biological_process	The chemical reactions and pathways resulting in the formation of nicotinamide adenine dinucleotide (NAD+), a coenzyme that interconverts with its reduced form, NADH, in many redox and catabolic reactions. NAD+ is derived from various sources including vitamin B3.
0009451	GO:0009451	RNA modification	biological_process	The covalent alteration of one or more nucleotides within an RNA molecule to produce an RNA molecule with a sequence that differs from that coded genetically.
0009982	GO:0009982	pseudouridine synthase activity	molecular_function	Catalysis of the reaction: a uridine in RNA = a pseudouridine in RNA. Conversion of uridine in an RNA molecule to pseudouridine by rotation of the C1'-N-1 glycosidic bond of uridine in RNA to a C1'-C5.
0010181	GO:0010181	FMN binding	molecular_function	Binding to flavin mono nucleotide. Flavin mono nucleotide (FMN) is the coenzyme or the prosthetic group of various flavoprotein oxidoreductase enzymes.
0015031	GO:0015031	protein transport	biological_process	The directed movement of proteins into, out of or within a cell, or between cells, by means of some agent such as a transporter or pore.
0015035	GO:0015035	protein-disulfide reductase activity	molecular_function	Catalysis of the reaction: a protein with reduced sulfide groups = a protein with oxidized disulfide bonds.
0015136	GO:0015136	sialic acid transmembrane transporter activity	molecular_function	Enables the transfer of sialic acid from one side of a membrane to the other.
0015450	GO:0015450	protein-transporting ATPase activity	molecular_function	Primary active carrier-mediated transport of a protein across a membrane, driven by the hydrolysis of the diphosphate bond of inorganic pyrophosphate, ATP, or another nucleoside triphosphate. The transport protein may or may not be transiently phosphorylated, but the substrate is not phosphorylated.
0015739	GO:0015739	sialic acid transport	biological_process	The directed movement of sialic acid into, out of or within a cell, or between cells, by means of some agent such as a transporter or pore.
0015934	GO:0015934	large ribosomal subunit	cellular_component	The larger of the two subunits of a ribosome. Two sites on the ribosomal large subunit are involved in translation, namely the aminoacyl site (A site) and peptidyl site (P site).
0015935	GO:0015935	small ribosomal subunit	cellular_component	The smaller of the two subunits of a ribosome.
0015937	GO:0015937	coenzyme A biosynthetic process	biological_process	The chemical reactions and pathways resulting in the formation of coenzyme A, 3'-phosphoadenosine-(5')diphospho(4')pantatheine, an acyl carrier in many acylation and acyl-transfer reactions in which the intermediate is a thiol ester.
0015949	GO:0015949	nucleobase-containing small molecule interconversion	biological_process	The chemical reactions and pathways by which a nucleobase, nucleoside or nucleotide small molecule is synthesized from another nucleobase, nucleoside or nucleotide small molecule.
0016020	GO:0016020	membrane	cellular_component	A lipid bilayer along with all the proteins and protein complexes embedded in it and attached to it.
0016149	GO:0016149	translation release factor activity, codon specific	molecular_function	A translation release factor that is specific for one or more particular termination codons; acts at the ribosomal A-site and require polypeptidyl-tRNA at the P-site.
0016226	GO:0016226	iron-sulfur cluster assembly	biological_process	The incorporation of iron and exogenous sulfur into a metallo-sulfur cluster.
0016301	GO:0016301	kinase activity	molecular_function	Catalysis of the transfer of a phosphate group, usually from ATP, to a substrate molecule.
0016310	GO:0016310	phosphorylation	biological_process	The process of introducing a phosphate group into a molecule, usually with the formation of a phosphoric ester, a phosphoric anhydride or a phosphoric amide.
0016434	GO:0016434	rRNA (cytosine) methyltransferase activity	molecular_function	Catalysis of the reaction: S-adenosyl-L-methionine + rRNA = S-adenosyl-L-homocysteine + rRNA containing methylcytosine.
0016462	GO:0016462	pyrophosphatase activity	molecular_function	Catalysis of the hydrolysis of a pyrophosphate bond (diphosphate bond) between two phosphate groups.
0016491	GO:0016491	oxidoreductase activity	molecular_function	Catalysis of an oxidation-reduction (redox) reaction, a reversible chemical reaction in which the oxidation state of an atom or atoms within a molecule is altered. One substrate acts as a hydrogen or electron donor and becomes oxidized, while the other acts as hydrogen or electron acceptor and becomes reduced.
0016620	GO:0016620	oxidoreductase activity, acting on the aldehyde or oxo group of donors, NAD or NADP as acceptor	molecular_function	Catalysis of an oxidation-reduction (redox) reaction in which an aldehyde or ketone (oxo) group acts as a hydrogen or electron donor and reduces NAD or NADP.
0016740	GO:0016740	transferase activity	molecular_function	Catalysis of the transfer of a group, e.g. a methyl group, glycosyl group, acyl group, phosphorus-containing, or other groups, from one compound (generally regarded as the donor) to another compound (generally regarded as the acceptor). Transferase is the systematic name for any enzyme of EC class 2.
0016746	GO:0016746	acyltransferase activity	molecular_function	Catalysis of the transfer of an acyl group from one compound (donor) to another (acceptor).
0016757	GO:0016757	glycosyltransferase activity	molecular_function	Catalysis of the transfer of a glycosyl group from one compound (donor) to another (acceptor).
0016787	GO:0016787	hydrolase activity	molecular_function	Catalysis of the hydrolysis of various bonds, e.g. C-O, C-N, C-C, phosphoric anhydride bonds, etc.
0016853	GO:0016853	isomerase activity	molecular_function	Catalysis of the geometric or structural changes within one molecule. Isomerase is the systematic name for any enzyme of EC class 5.
0016874	GO:0016874	ligase activity	molecular_function	Catalysis of the joining of two molecules, or two groups within a single molecule, using the energy from the hydrolysis of ATP, a similar triphosphate, or a pH gradient.
0016879	GO:0016879	ligase activity, forming carbon-nitrogen bonds	molecular_function	Catalysis of the joining of two molecules, or two groups within a single molecule, via a carbon-nitrogen bond, with the concomitant hydrolysis of the diphosphate bond in ATP or a similar triphosphate.
0016887	GO:0016887	ATP hydrolysis activity	molecular_function	Catalysis of the reaction: ATP + H2O = ADP + H+ phosphate. ATP hydrolysis is used in some reactions as an energy source, for example to catalyze a reaction or drive transport against a concentration gradient.
0016987	GO:0016987	sigma factor activity	molecular_function	Sigma factors act as the promoter specificity subunit of eubacterial and plant plastid multisubunit RNA polymerases, whose core subunit composition is often described as alpha(2)-beta-beta-prime. Although sigma does not bind DNA on its own, when combined with the core to form the holoenzyme, the sigma factor binds specifically to promoter elements. The sigma subunit is released once elongation begins.
0019843	GO:0019843	rRNA binding	molecular_function	Binding to a ribosomal RNA.
0022625	GO:0022625	cytosolic large ribosomal subunit	cellular_component	The large subunit of a ribosome located in the cytosol.
0022627	GO:0022627	cytosolic small ribosomal subunit	cellular_component	The small subunit of a ribosome located in the cytosol.
0022857	GO:0022857	transmembrane transporter activity	molecular_function	Enables the transfer of a substance, usually a specific substance or a group of related substances, from one side of a membrane to the other.
0030170	GO:0030170	pyridoxal phosphate binding	molecular_function	Binding to pyridoxal 5' phosphate, 3-hydroxy-5-(hydroxymethyl)-2-methyl4-pyridine carboxaldehyde 5' phosphate, the biologically active form of vitamin B6.
0031167	GO:0031167	rRNA methylation	biological_process	The posttranscriptional addition of methyl groups to specific residues in an rRNA molecule.
0032784	GO:0032784	regulation of DNA-templated transcription elongation	biological_process	Any process that modulates the frequency, rate or extent of transcription elongation, the extension of an RNA molecule after transcription initiation and promoter clearance by the addition of ribonucleotides catalyzed by a DNA-dependent RNA polymerase.
0033862	GO:0033862	UMP kinase activity	molecular_function	Catalysis of the reaction: ATP + UMP = ADP + UDP.
0036211	GO:0036211	protein modification process	biological_process	The covalent alteration of one or more amino acids occurring in proteins, peptides and nascent polypeptides (co-translational, post-translational modifications). Includes the modification of charged tRNAs that are destined to occur in a protein (pre-translation modification).
0042026	GO:0042026	protein refolding	biological_process	The process carried out by a cell that restores the biological activity of an unfolded or misfolded protein, using helper proteins such as chaperones.
0042254	GO:0042254	ribosome biogenesis	biological_process	A cellular process that results in the biosynthesis of constituent macromolecules, assembly, and arrangement of constituent parts of ribosome subunits; includes transport to the sites of protein synthesis.
0042586	GO:0042586	peptide deformylase activity	molecular_function	Catalysis of the reaction: formyl-L-methionyl peptide + H2O = formate + methionyl peptide.
0042626	GO:0042626	ATPase-coupled transmembrane transporter activity	molecular_function	Primary active transporter of a solute across a membrane, via the reaction: ATP + H2O = ADP + phosphate, to directly drive the transport of a substance across a membrane. The transport protein may be transiently phosphorylated (P-type transporters), or not (ABC-type transporters and other families of transporters). Primary active transport occurs up the solute's concentration gradient and is driven by a primary energy source.
0043022	GO:0043022	ribosome binding	molecular_function	Binding to a ribosome.
0043190	GO:0043190	ATP-binding cassette (ABC) transporter complex	cellular_component	A complex for the transport of metabolites into and out of the cell, typically comprised of four domains; two membrane-associated domains and two ATP-binding domains at the intracellular face of the membrane, that form a central pore through the plasma membrane. Each of the four core domains may be encoded as a separate polypeptide or the domains can be fused in any one of a number of ways into multidomain polypeptides. In Bacteria and Archaebacteria, ABC transporters also include substrate binding proteins to bind substrate external to the cytoplasm and deliver it to the transporter.
0043952	GO:0043952	protein transport by the Sec complex	biological_process	The process in which unfolded proteins are transported across the cytoplasmic membrane in Gram-positive and Gram-negative bacteria by the Sec complex, in a process involving proteolytic cleavage of an N-terminal signal peptide.
0046872	GO:0046872	metal ion binding	molecular_function	Binding to a metal ion.
0048501	GO:0048501	signal recognition particle, plasma membrane targeting	cellular_component	A complex consisting of a protein and RNA component which binds the signal sequence of some proteins and facilitates their export to or across the plasma membrane.
0050660	GO:0050660	flavin adenine dinucleotide binding	molecular_function	Binding to FAD, flavin-adenine dinucleotide, the coenzyme or the prosthetic group of various flavoprotein oxidoreductase enzymes, in either the oxidized form, FAD, or the reduced form, FADH2.
0050661	GO:0050661	NADP binding	molecular_function	Binding to nicotinamide-adenine dinucleotide phosphate, a coenzyme involved in many redox and biosynthetic reactions; binding may be to either the oxidized form, NADP+, or the reduced form, NADPH.
0051082	GO:0051082	unfolded protein binding	molecular_function	Binding to an unfolded protein.
0051287	GO:0051287	NAD binding	molecular_function	Binding to nicotinamide adenine dinucleotide, a coenzyme involved in many redox and biosynthetic reactions; binding may be to either the oxidized form, NAD+, or the reduced form, NADH.
0051301	GO:0051301	cell division	biological_process	The process resulting in division and partitioning of components of a cell to form more cells; may or may not be accompanied by the physical separation of a cell into distinct, individually membrane-bounded daughter cells.
0051539	GO:0051539	4 iron, 4 sulfur cluster binding	molecular_function	Binding to a 4 iron, 4 sulfur (4Fe-4S) cluster; this cluster consists of four iron atoms, with the inorganic sulfur atoms found between the irons and acting as bridging ligands.
0052381	GO:0052381	tRNA dimethylallyltransferase activity	molecular_function	Catalysis of the reaction: adenosine(37) in tRNA + dimethylallyl diphosphate = N(6)-dimethylallyladenosine(37) in tRNA + diphosphate.
0052906	GO:0052906	tRNA (guanine(37)-N1)-methyltransferase activity	molecular_function	Catalysis of the reaction: S-adenosyl-L-methionine + guanine(37) in tRNA = N(1)-methylguanine(37) in tRNA + S-adenosyl-L-homocysteine.
0055052	GO:0055052	ATP-binding cassette (ABC) transporter complex, substrate-binding subunit-containing	cellular_component	A complex for the transport of metabolites into the cell, consisting of 5 subunits: two ATP-binding subunits, two membrane spanning subunits, and one substrate-binding subunit. In organisms with two membranes, the substrate-binding protein moves freely in the periplasmic space and joins the other subunits only when bound with substrate. In organisms with only one membrane the substrate-binding protein is tethered to the cytoplasmic membrane and associated with the other subunits. Transport of the substrate across the membrane is driven by the hydrolysis of ATP.
0055085	GO:0055085	transmembrane transport	biological_process	The process in which a solute is transported across a lipid bilayer, from one side of a membrane to the other.
0070006	GO:0070006	metalloaminopeptidase activity	molecular_function	Catalysis of the hydrolysis of a single N-terminal amino acid residue from a polypeptide chain by a mechanism in which water acts as a nucleophile, one or two metal ions hold the water molecule in place, and charged amino acid side chains are ligands for the metal ions.
0071949	GO:0071949	FAD binding	molecular_function	Binding to the oxidized form, FAD, of flavin-adenine dinucleotide, the coenzyme or the prosthetic group of various flavoprotein oxidoreductase enzymes.
0071951	GO:0071951	conversion of methionyl-tRNA to N-formyl-methionyl-tRNA	biological_process	The modification process that results in the conversion of methionine charged on a tRNA(fMet) to N-formyl-methionine-tRNA(fMet).
0140359	GO:0140359	ABC-type transporter activity	molecular_function	Primary active transporter characterized by two nucleotide-binding domains and two transmembrane domains. Uses the energy generated from ATP hydrolysis to drive the transport of a substance across a membrane.
0140662	GO:0140662	ATP-dependent protein folding chaperone	molecular_function	Binding to a protein or a protein-containing complex to assist the protein folding process, driven by ATP hydrolysis.
