model	feature	feature_label	importance
rf	0003824	catalytic activity (GO:0003824)	0.02100866747194451
rf	0022857	transmembrane transporter activity (GO:0022857)	0.018951935301843574
rf	0016491	oxidoreductase activity (GO:0016491)	0.018698638707609974
rf	0000160	phosphorelay signal transduction system (GO:0000160)	0.017401716254918487
rf	0005515	protein binding (GO:0005515)	0.01621510178772983
rf	0007165	signal transduction (GO:0007165)	0.014922758365555332
rf	go_total	Total annotated GO domains	0.014597506840012426
rf	0055085	transmembrane transport (GO:0055085)	0.014525330153707853
rf	genes_total	Total genes (genome size)	0.01446942664014312
rf	0005975	carbohydrate metabolic process (GO:0005975)	0.01352615697136168
rf	0003700	DNA-binding transcription factor activity (GO:0003700)	0.013116508399712186
rf	0051539	4 iron, 4 sulfur cluster binding (GO:0051539)	0.01298278469592983
rf	0046872	metal ion binding (GO:0046872)	0.011971698755115513
rf	0009055	electron transfer activity (GO:0009055)	0.011695480332088736
rf	0016787	hydrolase activity (GO:0016787)	0.011454865330241783
rf	0055052	ATP-binding cassette (ABC) transporter complex, su (GO:0055052)	0.011313798359622314
rf	0003677	DNA binding (GO:0003677)	0.01129558254573482
rf	0008168	methyltransferase activity (GO:0008168)	0.011210040381034516
rf	0042626	ATPase-coupled transmembrane transporter activity (GO:0042626)	0.011035833603450264
rf	0006355	regulation of DNA-templated transcription (GO:0006355)	0.010887575170485529
rf	0016757	glycosyltransferase activity (GO:0016757)	0.010820438747107548
rf	0010181	FMN binding (GO:0010181)	0.010813852570212331
rf	0050660	flavin adenine dinucleotide binding (GO:0050660)	0.010750734471603402
rf	0005524	ATP binding (GO:0005524)	0.010659792219741409
rf	0016887	ATP hydrolysis activity (GO:0016887)	0.010201271953552206
rf	0016020	membrane (GO:0016020)	0.010184234100642639
rf	0016987	sigma factor activity (GO:0016987)	0.010145568011622214
rf	0008270	zinc ion binding (GO:0008270)	0.010143358046444142
rf	0016746	acyltransferase activity (GO:0016746)	0.010049596241562831
rf	0140359	ABC-type transporter activity (GO:0140359)	0.010016200872204166
rf	0006351	DNA-templated transcription (GO:0006351)	0.009809857586536724
rf	0006508	proteolysis (GO:0006508)	0.009705563001433095
rf	0005886	plasma membrane (GO:0005886)	0.009601885071646296
rf	0005737	cytoplasm (GO:0005737)	0.009469235505915627
rf	0000166	nucleotide binding (GO:0000166)	0.009432708870481568
rf	0016874	ligase activity (GO:0016874)	0.00907606852198348
rf	0005525	GTP binding (GO:0005525)	0.009054507838301288
rf	0006281	DNA repair (GO:0006281)	0.008492755131989662
rf	0008654	phospholipid biosynthetic process (GO:0008654)	0.008274593978153943
rf	0009435	NAD+ biosynthetic process (GO:0009435)	0.008208291899163793
rf	0015031	protein transport (GO:0015031)	0.008177380618701645
rf	0016740	transferase activity (GO:0016740)	0.008173679267714477
rf	0050661	NADP binding (GO:0050661)	0.00815317910088251
rf	0009306	protein secretion (GO:0009306)	0.00805681047004179
rf	0004252	serine-type endopeptidase activity (GO:0004252)	0.007971048050043483
rf	0008080	N-acetyltransferase activity (GO:0008080)	0.007933431607103657
rf	0016853	isomerase activity (GO:0016853)	0.007884176387502025
rf	0003723	RNA binding (GO:0003723)	0.007880045322031425
rf	0006633	fatty acid biosynthetic process (GO:0006633)	0.007870002129939085
rf	0006310	DNA recombination (GO:0006310)	0.007799977493668351
rf	0030170	pyridoxal phosphate binding (GO:0030170)	0.007783160141679774
rf	0003678	DNA helicase activity (GO:0003678)	0.007711689713404465
rf	0000287	magnesium ion binding (GO:0000287)	0.007491632364450148
rf	0004386	helicase activity (GO:0004386)	0.0074013966571707035
rf	0009252	peptidoglycan biosynthetic process (GO:0009252)	0.0073711246643175105
rf	0008152	metabolic process (GO:0008152)	0.007317523931553212
rf	0008233	peptidase activity (GO:0008233)	0.0070600017493962905
rf	0008757	S-adenosylmethionine-dependent methyltransferase a (GO:0008757)	0.007003682694759163
rf	0003676	nucleic acid binding (GO:0003676)	0.0069964879897545735
rf	0003755	peptidyl-prolyl cis-trans isomerase activity (GO:0003755)	0.006993092683311062
rf	0140662	ATP-dependent protein folding chaperone (GO:0140662)	0.006991816202009928
rf	0006457	protein folding (GO:0006457)	0.0069275183288298
rf	0051287	NAD binding (GO:0051287)	0.0068763149135798425
rf	0042254	ribosome biogenesis (GO:0042254)	0.0068068705657233705
rf	0006415	translational termination (GO:0006415)	0.006702767735727083
rf	0043190	ATP-binding cassette (ABC) transporter complex (GO:0043190)	0.006694780409364197
rf	0004222	metalloendopeptidase activity (GO:0004222)	0.006686294991050017
rf	0006096	glycolytic process (GO:0006096)	0.006662144935784899
rf	0016310	phosphorylation (GO:0016310)	0.0066346090372560625
rf	0036211	protein modification process (GO:0036211)	0.006606981136983422
rf	0004540	RNA nuclease activity (GO:0004540)	0.006570303477002385
rf	0006098	pentose-phosphate shunt (GO:0006098)	0.006511725362392997
rf	0008033	tRNA processing (GO:0008033)	0.006462509732753836
rf	0008324	monoatomic cation transmembrane transporter activi (GO:0008324)	0.006320600182587612
rf	0016301	kinase activity (GO:0016301)	0.0063202103706472045
rf	0071949	FAD binding (GO:0071949)	0.006084787895603395
rf	0008408	3'-5' exonuclease activity (GO:0008408)	0.0060767820217986195
rf	0006400	tRNA modification (GO:0006400)	0.005994727714974106
rf	0006260	DNA replication (GO:0006260)	0.0059238733846756686
rf	0009058	biosynthetic process (GO:0009058)	0.005877422725206336
rf	0006465	signal peptide processing (GO:0006465)	0.005763068185283442
rf	0003924	GTPase activity (GO:0003924)	0.00574755963224753
rf	0001522	pseudouridine synthesis (GO:0001522)	0.005692026254518297
rf	0051301	cell division (GO:0051301)	0.005341296015289344
rf	0008360	regulation of cell shape (GO:0008360)	0.005316014090143632
rf	0008173	RNA methyltransferase activity (GO:0008173)	0.005281809371781518
rf	0006396	RNA processing (GO:0006396)	0.005281190805483268
rf	0009982	pseudouridine synthase activity (GO:0009982)	0.005251445977269954
rf	0003887	DNA-directed DNA polymerase activity (GO:0003887)	0.005177051705739106
rf	0016226	iron-sulfur cluster assembly (GO:0016226)	0.0051570069937252015
rf	0009116	nucleoside metabolic process (GO:0009116)	0.005051489710283892
rf	0009451	RNA modification (GO:0009451)	0.005032893107435434
rf	0009228	thiamine biosynthetic process (GO:0009228)	0.004966172735134667
rf	0006364	rRNA processing (GO:0006364)	0.004942162809488277
rf	0006412	translation (GO:0006412)	0.004846160019361279
rf	0051082	unfolded protein binding (GO:0051082)	0.004663631611178531
rf	0008299	isoprenoid biosynthetic process (GO:0008299)	0.00464269446364047
rf	0070006	metalloaminopeptidase activity (GO:0070006)	0.004637976269191861
rf	0016620	oxidoreductase activity, acting on the aldehyde or (GO:0016620)	0.004571933587817542
rf	0003697	single-stranded DNA binding (GO:0003697)	0.004511014151543395
rf	0003899	DNA-directed RNA polymerase activity (GO:0003899)	0.004442368037448423
rf	0015035	protein-disulfide reductase activity (GO:0015035)	0.004374591223670375
rf	0006520	amino acid metabolic process (GO:0006520)	0.004242503163492258
rf	0004190	aspartic-type endopeptidase activity (GO:0004190)	0.004151164144635616
rf	0005840	ribosome (GO:0005840)	0.004089025774905111
rf	0003735	structural constituent of ribosome (GO:0003735)	0.004083641786530878
rf	0015937	coenzyme A biosynthetic process (GO:0015937)	0.0039658880889012595
rf	0003746	translation elongation factor activity (GO:0003746)	0.0038484410466445088
rf	0008658	penicillin binding (GO:0008658)	0.0038421293549844877
rf	0006006	glucose metabolic process (GO:0006006)	0.003722527559465614
rf	0043022	ribosome binding (GO:0043022)	0.0036896885585463893
rf	0006265	DNA topological change (GO:0006265)	0.0036366359648989863
rf	0006414	translational elongation (GO:0006414)	0.0036249983452208605
rf	0003684	damaged DNA binding (GO:0003684)	0.0035635365920826533
rf	0006221	pyrimidine nucleotide biosynthetic process (GO:0006221)	0.0033639588645434614
rf	0043952	protein transport by the Sec complex (GO:0043952)	0.0033391000783603315
rf	0032784	regulation of DNA-templated transcription elongati (GO:0032784)	0.003320614879860096
rf	0009152	purine ribonucleotide biosynthetic process (GO:0009152)	0.003195465199832717
rf	0006402	mRNA catabolic process (GO:0006402)	0.0031585227069190346
rf	0000049	tRNA binding (GO:0000049)	0.003071830261480333
rf	0006164	purine nucleotide biosynthetic process (GO:0006164)	0.00293487205558203
rf	0006424	glutamyl-tRNA aminoacylation (GO:0006424)	0.0027733315556202325
rf	0015450	protein-transporting ATPase activity (GO:0015450)	0.002608364365231825
rf	0009360	DNA polymerase III complex (GO:0009360)	0.002579536141148807
rf	0004812	aminoacyl-tRNA ligase activity (GO:0004812)	0.0024907104386771976
rf	0008649	rRNA methyltransferase activity (GO:0008649)	0.002311931071937609
rf	0006418	tRNA aminoacylation for protein translation (GO:0006418)	0.0022940862277655663
rf	0042026	protein refolding (GO:0042026)	0.0021950041759046285
rf	0031167	rRNA methylation (GO:0031167)	0.0020723848391779112
rf	0004820	glycine-tRNA ligase activity (GO:0004820)	0.0019536788034742038
rf	0006426	glycyl-tRNA aminoacylation (GO:0006426)	0.001927893390000984
rf	0016149	translation release factor activity, codon specifi (GO:0016149)	0.0018135482325435067
rf	0042586	peptide deformylase activity (GO:0042586)	0.0018052500460381913
rf	0004045	peptidyl-tRNA hydrolase activity (GO:0004045)	0.0017692323137425833
rf	0015949	nucleobase-containing small molecule interconversi (GO:0015949)	0.0017544815273258458
rf	0022627	cytosolic small ribosomal subunit (GO:0022627)	0.0017103496787800713
rf	0016879	ligase activity, forming carbon-nitrogen bonds (GO:0016879)	0.0017100167854614825
rf	0004523	RNA-DNA hybrid ribonuclease activity (GO:0004523)	0.001556230924189168
rf	0009380	excinuclease repair complex (GO:0009380)	0.001555653464943091
rf	0006289	nucleotide-excision repair (GO:0006289)	0.0014194972456104374
rf	0006353	DNA-templated transcription termination (GO:0006353)	0.0013367292096464927
rf	0016462	pyrophosphatase activity (GO:0016462)	0.0013033842696433817
rf	0003918	DNA topoisomerase type II (double strand cut, ATP- (GO:0003918)	0.0013012849244108922
rf	0002949	tRNA threonylcarbamoyladenosine modification (GO:0002949)	0.001199739449026551
rf	0004824	lysine-tRNA ligase activity (GO:0004824)	0.0011916480684604055
rf	0015934	large ribosomal subunit (GO:0015934)	0.0011111870158978256
rf	0004827	proline-tRNA ligase activity (GO:0004827)	0.0010115018386018069
rf	0004478	methionine adenosyltransferase activity (GO:0004478)	0.0009596089019505667
rf	0004813	alanine-tRNA ligase activity (GO:0004813)	0.0009591627690328466
rf	0000314	organellar small ribosomal subunit (GO:0000314)	0.0007640578748487968
rf	0006430	lysyl-tRNA aminoacylation (GO:0006430)	0.0007394625727593673
rf	0006419	alanyl-tRNA aminoacylation (GO:0006419)	0.000728035434125307
rf	0006436	tryptophanyl-tRNA aminoacylation (GO:0006436)	0.0006502058238684092
rf	0006413	translational initiation (GO:0006413)	0.0006494491860556273
rf	0003743	translation initiation factor activity (GO:0003743)	0.0005939663016481653
rf	0019843	rRNA binding (GO:0019843)	0.0005850217924367719
rf	0004830	tryptophan-tRNA ligase activity (GO:0004830)	0.000579295620259415
rf	0006556	S-adenosylmethionine biosynthetic process (GO:0006556)	0.0005621642680018054
rf	0004829	threonine-tRNA ligase activity (GO:0004829)	0.00048756612310037846
rf	0004818	glutamate-tRNA ligase activity (GO:0004818)	0.00044058438130796155
rf	0004750	D-ribulose-phosphate 3-epimerase activity (GO:0004750)	0.000432482576984412
rf	0006269	DNA replication, synthesis of primer (GO:0006269)	0.0004252114569630213
rf	0006423	cysteinyl-tRNA aminoacylation (GO:0006423)	0.0003933823296777047
rf	0004831	tyrosine-tRNA ligase activity (GO:0004831)	0.0003752847709877121
rf	0004479	methionyl-tRNA formyltransferase activity (GO:0004479)	0.00029602331013536804
rf	0004825	methionine-tRNA ligase activity (GO:0004825)	0.0002890746897230309
rf	0006275	regulation of DNA replication (GO:0006275)	0.00026833884158126395
rf	0004814	arginine-tRNA ligase activity (GO:0004814)	0.0002509911682497701
rf	0006435	threonyl-tRNA aminoacylation (GO:0006435)	0.00024175101947269503
rf	0071951	conversion of methionyl-tRNA to N-formyl-methionyl (GO:0071951)	0.00023612668430272746
rf	0006433	prolyl-tRNA aminoacylation (GO:0006433)	0.00023527119869841764
rf	0006431	methionyl-tRNA aminoacylation (GO:0006431)	0.00023121330676739458
rf	0004817	cysteine-tRNA ligase activity (GO:0004817)	0.0002261956161597656
rf	0052381	tRNA dimethylallyltransferase activity (GO:0052381)	0.00022093868632570875
rf	0004826	phenylalanine-tRNA ligase activity (GO:0004826)	0.00019440201951674617
rf	0006437	tyrosyl-tRNA aminoacylation (GO:0006437)	0.00018967818792316445
rf	0006420	arginyl-tRNA aminoacylation (GO:0006420)	0.00017210779463848984
rf	0003922	GMP synthase (glutamine-hydrolyzing) activity (GO:0003922)	0.00014450559973323306
rf	0022625	cytosolic large ribosomal subunit (GO:0022625)	0.00013943496015682462
rf	0004828	serine-tRNA ligase activity (GO:0004828)	0.00012219007244656014
rf	0015935	small ribosomal subunit (GO:0015935)	0.00011471088067674516
rf	0006177	GMP biosynthetic process (GO:0006177)	9.872409057715894e-05
rf	0009378	four-way junction helicase activity (GO:0009378)	9.737637008616957e-05
rf	0006434	seryl-tRNA aminoacylation (GO:0006434)	9.64462738404614e-05
rf	0016434	rRNA (cytosine) methyltransferase activity (GO:0016434)	9.464362945770762e-05
rf	0006432	phenylalanyl-tRNA aminoacylation (GO:0006432)	6.59340757521589e-05
rf	0006429	leucyl-tRNA aminoacylation (GO:0006429)	5.865841532153079e-05
rf	0008094	ATP-dependent activity, acting on DNA (GO:0008094)	4.6497387965959555e-05
rf	0006614	SRP-dependent cotranslational protein targeting to (GO:0006614)	3.5360409109481576e-05
rf	0004823	leucine-tRNA ligase activity (GO:0004823)	3.165687926251215e-05
rf	0015739	sialic acid transport (GO:0015739)	3.0186753621854224e-05
rf	0004822	isoleucine-tRNA ligase activity (GO:0004822)	2.9041370744640925e-05
rf	0006428	isoleucyl-tRNA aminoacylation (GO:0006428)	2.7237347027825852e-05
rf	0004821	histidine-tRNA ligase activity (GO:0004821)	2.6849679510023736e-05
rf	0015136	sialic acid transmembrane transporter activity (GO:0015136)	2.660799165401105e-05
rf	0000315	organellar large ribosomal subunit (GO:0000315)	2.4886692377689553e-05
rf	0004140	dephospho-CoA kinase activity (GO:0004140)	1.7846774827838644e-05
rf	0004832	valine-tRNA ligase activity (GO:0004832)	1.6056584165494033e-05
rf	0004595	pantetheine-phosphate adenylyltransferase activity (GO:0004595)	1.55005718690445e-05
rf	0009379	Holliday junction helicase complex (GO:0009379)	1.3407960901535225e-05
rf	0048501	signal recognition particle, plasma membrane targe (GO:0048501)	1.9424636713431213e-06
rf	0005047	signal recognition particle binding (GO:0005047)	0.0
rf	0005048	signal sequence binding (GO:0005048)	0.0
rf	0000311	plastid large ribosomal subunit (GO:0000311)	0.0
rf	0000179	rRNA (adenine-N6,N6-)-dimethyltransferase activity (GO:0000179)	0.0
rf	0006427	histidyl-tRNA aminoacylation (GO:0006427)	0.0
rf	0006438	valyl-tRNA aminoacylation (GO:0006438)	0.0
rf	0033862	UMP kinase activity (GO:0033862)	0.0
rf	0052906	tRNA (guanine(37)-N1)-methyltransferase activity (GO:0052906)	0.0
gb	0003824	catalytic activity (GO:0003824)	0.050494864635085804
gb	0055085	transmembrane transport (GO:0055085)	0.041297827124545404
gb	0016987	sigma factor activity (GO:0016987)	0.028392473378451785
gb	0015937	coenzyme A biosynthetic process (GO:0015937)	0.027108601132585515
gb	0022857	transmembrane transporter activity (GO:0022857)	0.02312296142739808
gb	0016491	oxidoreductase activity (GO:0016491)	0.022871457888995417
gb	0009306	protein secretion (GO:0009306)	0.01816582222089322
gb	0016757	glycosyltransferase activity (GO:0016757)	0.01701987837394835
gb	0051539	4 iron, 4 sulfur cluster binding (GO:0051539)	0.016441672130310895
gb	0009451	RNA modification (GO:0009451)	0.014449431413427631
gb	0005737	cytoplasm (GO:0005737)	0.013014978128837389
gb	0055052	ATP-binding cassette (ABC) transporter complex, su (GO:0055052)	0.012933059074362964
gb	0010181	FMN binding (GO:0010181)	0.012546969535370925
gb	0009435	NAD+ biosynthetic process (GO:0009435)	0.012243528782117135
gb	0003677	DNA binding (GO:0003677)	0.012168509519280281
gb	0005515	protein binding (GO:0005515)	0.011078156422427942
gb	0005975	carbohydrate metabolic process (GO:0005975)	0.010684091256939207
gb	0005886	plasma membrane (GO:0005886)	0.01062536131352514
gb	0000160	phosphorelay signal transduction system (GO:0000160)	0.009935651599849753
gb	0015031	protein transport (GO:0015031)	0.009672765980429189
gb	0006633	fatty acid biosynthetic process (GO:0006633)	0.009601795670751081
gb	0050660	flavin adenine dinucleotide binding (GO:0050660)	0.009347354680627577
gb	0003700	DNA-binding transcription factor activity (GO:0003700)	0.009066287386601377
gb	0006310	DNA recombination (GO:0006310)	0.009006375520154555
gb	0016746	acyltransferase activity (GO:0016746)	0.008925914437792247
gb	0005525	GTP binding (GO:0005525)	0.008882571869389766
gb	genes_total	Total genes (genome size)	0.008874511537212125
gb	0009982	pseudouridine synthase activity (GO:0009982)	0.008778295313961479
gb	0006355	regulation of DNA-templated transcription (GO:0006355)	0.00874795868742103
gb	0050661	NADP binding (GO:0050661)	0.008730222801083019
gb	0016620	oxidoreductase activity, acting on the aldehyde or (GO:0016620)	0.008717257737318363
gb	0036211	protein modification process (GO:0036211)	0.008380489295014422
gb	0008270	zinc ion binding (GO:0008270)	0.008220513616110987
gb	0006164	purine nucleotide biosynthetic process (GO:0006164)	0.008097041843069265
gb	0046872	metal ion binding (GO:0046872)	0.007947130388515982
gb	0008152	metabolic process (GO:0008152)	0.007865569194208178
gb	0006424	glutamyl-tRNA aminoacylation (GO:0006424)	0.00785483155350733
gb	0000166	nucleotide binding (GO:0000166)	0.0076814764904715015
gb	0006098	pentose-phosphate shunt (GO:0006098)	0.007681020347914364
gb	0008080	N-acetyltransferase activity (GO:0008080)	0.007541893742421347
gb	0005524	ATP binding (GO:0005524)	0.007508194160905794
gb	0042626	ATPase-coupled transmembrane transporter activity (GO:0042626)	0.007090722882270619
gb	0007165	signal transduction (GO:0007165)	0.006982748086041971
gb	0004222	metalloendopeptidase activity (GO:0004222)	0.006969042923772387
gb	0004386	helicase activity (GO:0004386)	0.006896572609163839
gb	0006281	DNA repair (GO:0006281)	0.006765600297877701
gb	0000287	magnesium ion binding (GO:0000287)	0.006484628711613876
gb	0008324	monoatomic cation transmembrane transporter activi (GO:0008324)	0.006411906712014887
gb	0016740	transferase activity (GO:0016740)	0.006328736447197396
gb	0009055	electron transfer activity (GO:0009055)	0.00632504654001828
gb	0003676	nucleic acid binding (GO:0003676)	0.006287504225123992
gb	0008168	methyltransferase activity (GO:0008168)	0.006240717450912792
gb	0006457	protein folding (GO:0006457)	0.006144471522349356
gb	0051082	unfolded protein binding (GO:0051082)	0.006059642443597928
gb	0016310	phosphorylation (GO:0016310)	0.006012091006062116
gb	0008757	S-adenosylmethionine-dependent methyltransferase a (GO:0008757)	0.005898427083496685
gb	go_total	Total annotated GO domains	0.005892641974680893
gb	0030170	pyridoxal phosphate binding (GO:0030170)	0.005835884488747925
gb	0015035	protein-disulfide reductase activity (GO:0015035)	0.005777485763746088
gb	0004045	peptidyl-tRNA hydrolase activity (GO:0004045)	0.005776706849523243
gb	0006096	glycolytic process (GO:0006096)	0.005697033004909328
gb	0051287	NAD binding (GO:0051287)	0.005683719416855799
gb	0006400	tRNA modification (GO:0006400)	0.005621247978904722
gb	0004252	serine-type endopeptidase activity (GO:0004252)	0.005597354772218268
gb	0016887	ATP hydrolysis activity (GO:0016887)	0.005567255928303824
gb	0004540	RNA nuclease activity (GO:0004540)	0.005440213836458645
gb	0016787	hydrolase activity (GO:0016787)	0.005429248466228942
gb	0001522	pseudouridine synthesis (GO:0001522)	0.0054259706907061065
gb	0006006	glucose metabolic process (GO:0006006)	0.005324156091822062
gb	0003697	single-stranded DNA binding (GO:0003697)	0.00527941711529785
gb	0006351	DNA-templated transcription (GO:0006351)	0.005245918496629113
gb	0003723	RNA binding (GO:0003723)	0.005232268307550386
gb	0008360	regulation of cell shape (GO:0008360)	0.0051167215607393676
gb	0004190	aspartic-type endopeptidase activity (GO:0004190)	0.005114165174755716
gb	0009058	biosynthetic process (GO:0009058)	0.005093754264963205
gb	0015934	large ribosomal subunit (GO:0015934)	0.005052346474954596
gb	0006260	DNA replication (GO:0006260)	0.005052322027410999
gb	0043190	ATP-binding cassette (ABC) transporter complex (GO:0043190)	0.005028052531803998
gb	0006508	proteolysis (GO:0006508)	0.004949299198059895
gb	0016853	isomerase activity (GO:0016853)	0.004919556152348252
gb	0003887	DNA-directed DNA polymerase activity (GO:0003887)	0.004899078815063679
gb	0008649	rRNA methyltransferase activity (GO:0008649)	0.004853542670844098
gb	0009116	nucleoside metabolic process (GO:0009116)	0.004733293609050793
gb	0003735	structural constituent of ribosome (GO:0003735)	0.004689132306790944
gb	0016020	membrane (GO:0016020)	0.004685989743422247
gb	0008033	tRNA processing (GO:0008033)	0.00468213310049744
gb	0003684	damaged DNA binding (GO:0003684)	0.004668809263897441
gb	0006465	signal peptide processing (GO:0006465)	0.004616986172111448
gb	0003755	peptidyl-prolyl cis-trans isomerase activity (GO:0003755)	0.0045215438848842555
gb	0008299	isoprenoid biosynthetic process (GO:0008299)	0.004518397545547219
gb	0003899	DNA-directed RNA polymerase activity (GO:0003899)	0.004505558754016552
gb	0009228	thiamine biosynthetic process (GO:0009228)	0.004481261508458688
gb	0006520	amino acid metabolic process (GO:0006520)	0.004436246669900961
gb	0006265	DNA topological change (GO:0006265)	0.00441681794486942
gb	0031167	rRNA methylation (GO:0031167)	0.004396220619118401
gb	0016301	kinase activity (GO:0016301)	0.004234517788825275
gb	0006415	translational termination (GO:0006415)	0.004170780343155027
gb	0140359	ABC-type transporter activity (GO:0140359)	0.00414571090839725
gb	0006364	rRNA processing (GO:0006364)	0.0039235612619238375
gb	0006402	mRNA catabolic process (GO:0006402)	0.003842508005868041
gb	0015450	protein-transporting ATPase activity (GO:0015450)	0.0038342172543082654
gb	0016874	ligase activity (GO:0016874)	0.00378507256323873
gb	0006396	RNA processing (GO:0006396)	0.003750245055760071
gb	0003924	GTPase activity (GO:0003924)	0.0036752236830649154
gb	0071949	FAD binding (GO:0071949)	0.0036500793901653268
gb	0006412	translation (GO:0006412)	0.003529707837918395
gb	0016149	translation release factor activity, codon specifi (GO:0016149)	0.0035022163968210854
gb	0008654	phospholipid biosynthetic process (GO:0008654)	0.0034906873647359334
gb	0006221	pyrimidine nucleotide biosynthetic process (GO:0006221)	0.0033973751015516918
gb	0032784	regulation of DNA-templated transcription elongati (GO:0032784)	0.003250780429571293
gb	0008233	peptidase activity (GO:0008233)	0.003239050200714204
gb	0043022	ribosome binding (GO:0043022)	0.0031999375336395795
gb	0016226	iron-sulfur cluster assembly (GO:0016226)	0.003152523933154321
gb	0003922	GMP synthase (glutamine-hydrolyzing) activity (GO:0003922)	0.0029743130523649914
gb	0009252	peptidoglycan biosynthetic process (GO:0009252)	0.0029694422855637043
gb	0008408	3'-5' exonuclease activity (GO:0008408)	0.0029435850260093152
gb	0008173	RNA methyltransferase activity (GO:0008173)	0.00291808681603875
gb	0042254	ribosome biogenesis (GO:0042254)	0.0027423053368236944
gb	0005840	ribosome (GO:0005840)	0.0026626270945457158
gb	0006418	tRNA aminoacylation for protein translation (GO:0006418)	0.0026455576313222286
gb	0009360	DNA polymerase III complex (GO:0009360)	0.0025432928470806985
gb	0006414	translational elongation (GO:0006414)	0.0025196567103632824
gb	0000049	tRNA binding (GO:0000049)	0.00241651369415442
gb	0006269	DNA replication, synthesis of primer (GO:0006269)	0.002318417784796807
gb	0015949	nucleobase-containing small molecule interconversi (GO:0015949)	0.0022954968277810136
gb	0006353	DNA-templated transcription termination (GO:0006353)	0.002212832134832954
gb	0003678	DNA helicase activity (GO:0003678)	0.0021744499061610023
gb	0002949	tRNA threonylcarbamoyladenosine modification (GO:0002949)	0.0021554110785701546
gb	0004523	RNA-DNA hybrid ribonuclease activity (GO:0004523)	0.0020306087099936283
gb	0051301	cell division (GO:0051301)	0.0018815100218934153
gb	0004812	aminoacyl-tRNA ligase activity (GO:0004812)	0.0018455428643405851
gb	0009380	excinuclease repair complex (GO:0009380)	0.0017511728990926884
gb	0042026	protein refolding (GO:0042026)	0.0016409038158271517
gb	0070006	metalloaminopeptidase activity (GO:0070006)	0.0016251418286419024
gb	0016462	pyrophosphatase activity (GO:0016462)	0.0015824631715933594
gb	0003918	DNA topoisomerase type II (double strand cut, ATP- (GO:0003918)	0.001580065308051995
gb	0042586	peptide deformylase activity (GO:0042586)	0.0014923717067646764
gb	0022627	cytosolic small ribosomal subunit (GO:0022627)	0.0014109728372339709
gb	0140662	ATP-dependent protein folding chaperone (GO:0140662)	0.0013136581252555192
gb	0016879	ligase activity, forming carbon-nitrogen bonds (GO:0016879)	0.0011576094212838474
gb	0006556	S-adenosylmethionine biosynthetic process (GO:0006556)	0.0011424411281123735
gb	0019843	rRNA binding (GO:0019843)	0.00104628895231759
gb	0003746	translation elongation factor activity (GO:0003746)	0.001031598244373287
gb	0006275	regulation of DNA replication (GO:0006275)	0.0010109576797151945
gb	0008658	penicillin binding (GO:0008658)	0.0010078436089675919
gb	0005048	signal sequence binding (GO:0005048)	0.0009869107021113468
gb	0052906	tRNA (guanine(37)-N1)-methyltransferase activity (GO:0052906)	0.0009627228701833005
gb	0006420	arginyl-tRNA aminoacylation (GO:0006420)	0.00094605870564217
gb	0022625	cytosolic large ribosomal subunit (GO:0022625)	0.0008782805245594143
gb	0006419	alanyl-tRNA aminoacylation (GO:0006419)	0.0008712899647441241
gb	0009152	purine ribonucleotide biosynthetic process (GO:0009152)	0.0008683749574216922
gb	0004820	glycine-tRNA ligase activity (GO:0004820)	0.0008632094697634211
gb	0004824	lysine-tRNA ligase activity (GO:0004824)	0.0008501569305862204
gb	0043952	protein transport by the Sec complex (GO:0043952)	0.0008394116379792391
gb	0004818	glutamate-tRNA ligase activity (GO:0004818)	0.0007075330731679921
gb	0004478	methionine adenosyltransferase activity (GO:0004478)	0.0006728182921868628
gb	0006427	histidyl-tRNA aminoacylation (GO:0006427)	0.0006684286602714668
gb	0000179	rRNA (adenine-N6,N6-)-dimethyltransferase activity (GO:0000179)	0.0006599974530826246
gb	0004750	D-ribulose-phosphate 3-epimerase activity (GO:0004750)	0.0006127216021595754
gb	0006434	seryl-tRNA aminoacylation (GO:0006434)	0.0005664896143481372
gb	0006423	cysteinyl-tRNA aminoacylation (GO:0006423)	0.0005656845417185046
gb	0004813	alanine-tRNA ligase activity (GO:0004813)	0.0005322747370008511
gb	0004817	cysteine-tRNA ligase activity (GO:0004817)	0.0005317031182406549
gb	0006426	glycyl-tRNA aminoacylation (GO:0006426)	0.0005125081588032772
gb	0004814	arginine-tRNA ligase activity (GO:0004814)	0.0005045874042328928
gb	0008094	ATP-dependent activity, acting on DNA (GO:0008094)	0.0004886092495368548
gb	0048501	signal recognition particle, plasma membrane targe (GO:0048501)	0.00046212585005166304
gb	0004825	methionine-tRNA ligase activity (GO:0004825)	0.00043113554996603736
gb	0004140	dephospho-CoA kinase activity (GO:0004140)	0.0004178348084142566
gb	0004827	proline-tRNA ligase activity (GO:0004827)	0.00039316866437580524
gb	0004830	tryptophan-tRNA ligase activity (GO:0004830)	0.0003823332445148971
gb	0016434	rRNA (cytosine) methyltransferase activity (GO:0016434)	0.00037428370787169875
gb	0006435	threonyl-tRNA aminoacylation (GO:0006435)	0.0003738636253406842
gb	0009378	four-way junction helicase activity (GO:0009378)	0.00037214583015215296
gb	0006289	nucleotide-excision repair (GO:0006289)	0.0003710729894290111
gb	0071951	conversion of methionyl-tRNA to N-formyl-methionyl (GO:0071951)	0.0003549474939120989
gb	0006413	translational initiation (GO:0006413)	0.0003507419480311642
gb	0006436	tryptophanyl-tRNA aminoacylation (GO:0006436)	0.00033766704135650307
gb	0000315	organellar large ribosomal subunit (GO:0000315)	0.00033252797735560584
gb	0004826	phenylalanine-tRNA ligase activity (GO:0004826)	0.00030642629361712865
gb	0006431	methionyl-tRNA aminoacylation (GO:0006431)	0.0002962933044482838
gb	0004828	serine-tRNA ligase activity (GO:0004828)	0.0002925805848792133
gb	0052381	tRNA dimethylallyltransferase activity (GO:0052381)	0.00028825479697105864
gb	0005047	signal recognition particle binding (GO:0005047)	0.00026383534035033675
gb	0006432	phenylalanyl-tRNA aminoacylation (GO:0006432)	0.0002589567626630537
gb	0004829	threonine-tRNA ligase activity (GO:0004829)	0.0002512128608942817
gb	0006428	isoleucyl-tRNA aminoacylation (GO:0006428)	0.0002214812125195493
gb	0006430	lysyl-tRNA aminoacylation (GO:0006430)	0.00021994222098688002
gb	0003743	translation initiation factor activity (GO:0003743)	0.00018935386216230437
gb	0006429	leucyl-tRNA aminoacylation (GO:0006429)	0.0001863108311789983
gb	0006437	tyrosyl-tRNA aminoacylation (GO:0006437)	0.00018485781551670668
gb	0004821	histidine-tRNA ligase activity (GO:0004821)	0.00017899253455440925
gb	0006614	SRP-dependent cotranslational protein targeting to (GO:0006614)	0.00016157620664739646
gb	0004823	leucine-tRNA ligase activity (GO:0004823)	0.00013281456299758711
gb	0000314	organellar small ribosomal subunit (GO:0000314)	0.0001230948580866306
gb	0015935	small ribosomal subunit (GO:0015935)	0.00011968493193889522
gb	0004822	isoleucine-tRNA ligase activity (GO:0004822)	9.620005936145298e-05
gb	0004479	methionyl-tRNA formyltransferase activity (GO:0004479)	9.42079566813061e-05
gb	0006433	prolyl-tRNA aminoacylation (GO:0006433)	8.681135963747311e-05
gb	0015136	sialic acid transmembrane transporter activity (GO:0015136)	8.412870773306611e-05
gb	0004595	pantetheine-phosphate adenylyltransferase activity (GO:0004595)	8.008525273449375e-05
gb	0033862	UMP kinase activity (GO:0033862)	5.5217410399193006e-05
gb	0004831	tyrosine-tRNA ligase activity (GO:0004831)	5.0737238703169656e-05
gb	0015739	sialic acid transport (GO:0015739)	3.185387900054073e-05
gb	0009379	Holliday junction helicase complex (GO:0009379)	3.2933976477356114e-06
gb	0006177	GMP biosynthetic process (GO:0006177)	4.6202565547230745e-07
gb	0000311	plastid large ribosomal subunit (GO:0000311)	0.0
gb	0004832	valine-tRNA ligase activity (GO:0004832)	0.0
gb	0006438	valyl-tRNA aminoacylation (GO:0006438)	0.0
xgb	0015937	coenzyme A biosynthetic process (GO:0015937)	0.04489212483167648
xgb	0055085	transmembrane transport (GO:0055085)	0.022152183577418327
xgb	0008649	rRNA methyltransferase activity (GO:0008649)	0.017106259241700172
xgb	0003824	catalytic activity (GO:0003824)	0.01609644666314125
xgb	0015934	large ribosomal subunit (GO:0015934)	0.015531965531408787
xgb	0009435	NAD+ biosynthetic process (GO:0009435)	0.014928328804671764
xgb	0016491	oxidoreductase activity (GO:0016491)	0.01380874589085579
xgb	0003922	GMP synthase (glutamine-hydrolyzing) activity (GO:0003922)	0.013098621740937233
xgb	0006424	glutamyl-tRNA aminoacylation (GO:0006424)	0.013062016107141972
xgb	0009451	RNA modification (GO:0009451)	0.012390585616230965
xgb	0022625	cytosolic large ribosomal subunit (GO:0022625)	0.01204731035977602
xgb	0022857	transmembrane transporter activity (GO:0022857)	0.011777002364397049
xgb	0003918	DNA topoisomerase type II (double strand cut, ATP- (GO:0003918)	0.011082431301474571
xgb	0016987	sigma factor activity (GO:0016987)	0.009850571863353252
xgb	0042254	ribosome biogenesis (GO:0042254)	0.009630338288843632
xgb	0051539	4 iron, 4 sulfur cluster binding (GO:0051539)	0.009275075979530811
xgb	0031167	rRNA methylation (GO:0031167)	0.009233048185706139
xgb	0004830	tryptophan-tRNA ligase activity (GO:0004830)	0.00856663566082716
xgb	0004824	lysine-tRNA ligase activity (GO:0004824)	0.008562522940337658
xgb	0046872	metal ion binding (GO:0046872)	0.008439935743808746
xgb	0009306	protein secretion (GO:0009306)	0.008415590971708298
xgb	0006351	DNA-templated transcription (GO:0006351)	0.008300848305225372
xgb	0022627	cytosolic small ribosomal subunit (GO:0022627)	0.00818609818816185
xgb	0016757	glycosyltransferase activity (GO:0016757)	0.008001953363418579
xgb	0016462	pyrophosphatase activity (GO:0016462)	0.007809887640178204
xgb	0006355	regulation of DNA-templated transcription (GO:0006355)	0.007760712411254644
xgb	0009982	pseudouridine synthase activity (GO:0009982)	0.007735523860901594
xgb	go_total	Total annotated GO domains	0.007641538046300411
xgb	0008360	regulation of cell shape (GO:0008360)	0.007563140708953142
xgb	0003700	DNA-binding transcription factor activity (GO:0003700)	0.007439645007252693
xgb	0004045	peptidyl-tRNA hydrolase activity (GO:0004045)	0.0067235748283565044
xgb	genes_total	Total genes (genome size)	0.006694038398563862
xgb	0004827	proline-tRNA ligase activity (GO:0004827)	0.006611156277358532
xgb	0006164	purine nucleotide biosynthetic process (GO:0006164)	0.006585548631846905
xgb	0006414	translational elongation (GO:0006414)	0.0064831566996872425
xgb	0003755	peptidyl-prolyl cis-trans isomerase activity (GO:0003755)	0.0064338259398937225
xgb	0015450	protein-transporting ATPase activity (GO:0015450)	0.0063551077619194984
xgb	0052381	tRNA dimethylallyltransferase activity (GO:0052381)	0.006246995180845261
xgb	0036211	protein modification process (GO:0036211)	0.006236948538571596
xgb	0016620	oxidoreductase activity, acting on the aldehyde or (GO:0016620)	0.0062268879264593124
xgb	0000160	phosphorelay signal transduction system (GO:0000160)	0.0062002078630030155
xgb	0006096	glycolytic process (GO:0006096)	0.006187408696860075
xgb	0140359	ABC-type transporter activity (GO:0140359)	0.006185620091855526
xgb	0006415	translational termination (GO:0006415)	0.006172517780214548
xgb	0015031	protein transport (GO:0015031)	0.006087770685553551
xgb	0005737	cytoplasm (GO:0005737)	0.005959391128271818
xgb	0004829	threonine-tRNA ligase activity (GO:0004829)	0.005790491588413715
xgb	0050661	NADP binding (GO:0050661)	0.005777529440820217
xgb	0008299	isoprenoid biosynthetic process (GO:0008299)	0.005769659299403429
xgb	0010181	FMN binding (GO:0010181)	0.005757917184382677
xgb	0032784	regulation of DNA-templated transcription elongati (GO:0032784)	0.005727300886064768
xgb	0003684	damaged DNA binding (GO:0003684)	0.005724151153117418
xgb	0006098	pentose-phosphate shunt (GO:0006098)	0.00554594537243247
xgb	0005515	protein binding (GO:0005515)	0.005536361131817102
xgb	0042626	ATPase-coupled transmembrane transporter activity (GO:0042626)	0.005524288862943649
xgb	0009055	electron transfer activity (GO:0009055)	0.005517660640180111
xgb	0005975	carbohydrate metabolic process (GO:0005975)	0.005495913326740265
xgb	0000315	organellar large ribosomal subunit (GO:0000315)	0.005477560684084892
xgb	0009360	DNA polymerase III complex (GO:0009360)	0.005451707169413567
xgb	0008757	S-adenosylmethionine-dependent methyltransferase a (GO:0008757)	0.005428018514066935
xgb	0008033	tRNA processing (GO:0008033)	0.005391689017415047
xgb	0006275	regulation of DNA replication (GO:0006275)	0.005361771676689386
xgb	0006633	fatty acid biosynthetic process (GO:0006633)	0.005361049436032772
xgb	0004817	cysteine-tRNA ligase activity (GO:0004817)	0.005358548369258642
xgb	0006265	DNA topological change (GO:0006265)	0.005351575091481209
xgb	0003677	DNA binding (GO:0003677)	0.005326319485902786
xgb	0051082	unfolded protein binding (GO:0051082)	0.005298331845551729
xgb	0009380	excinuclease repair complex (GO:0009380)	0.005298069212585688
xgb	0050660	flavin adenine dinucleotide binding (GO:0050660)	0.005274259019643068
xgb	0043952	protein transport by the Sec complex (GO:0043952)	0.005261177197098732
xgb	0001522	pseudouridine synthesis (GO:0001522)	0.005240922793745995
xgb	0006400	tRNA modification (GO:0006400)	0.005234083626419306
xgb	0003735	structural constituent of ribosome (GO:0003735)	0.0051791975274682045
xgb	0042026	protein refolding (GO:0042026)	0.005139547400176525
xgb	0004820	glycine-tRNA ligase activity (GO:0004820)	0.005107280798256397
xgb	0006281	DNA repair (GO:0006281)	0.005058722570538521
xgb	0055052	ATP-binding cassette (ABC) transporter complex, su (GO:0055052)	0.00505522545427084
xgb	0004190	aspartic-type endopeptidase activity (GO:0004190)	0.004973022732883692
xgb	0140662	ATP-dependent protein folding chaperone (GO:0140662)	0.004962184000760317
xgb	0004523	RNA-DNA hybrid ribonuclease activity (GO:0004523)	0.004959459882229567
xgb	0008152	metabolic process (GO:0008152)	0.004929461516439915
xgb	0005840	ribosome (GO:0005840)	0.004912689793854952
xgb	0006006	glucose metabolic process (GO:0006006)	0.004897639621049166
xgb	0007165	signal transduction (GO:0007165)	0.004875727463513613
xgb	0004540	RNA nuclease activity (GO:0004540)	0.004844787996262312
xgb	0009116	nucleoside metabolic process (GO:0009116)	0.00481751374900341
xgb	0009228	thiamine biosynthetic process (GO:0009228)	0.004815021064132452
xgb	0006457	protein folding (GO:0006457)	0.004746616818010807
xgb	0008168	methyltransferase activity (GO:0008168)	0.004705565050244331
xgb	0016310	phosphorylation (GO:0016310)	0.004699076525866985
xgb	0051287	NAD binding (GO:0051287)	0.004677548073232174
xgb	0003924	GTPase activity (GO:0003924)	0.004664364270865917
xgb	0008324	monoatomic cation transmembrane transporter activi (GO:0008324)	0.004643777385354042
xgb	0006508	proteolysis (GO:0006508)	0.004621533676981926
xgb	0008173	RNA methyltransferase activity (GO:0008173)	0.004584662150591612
xgb	0006177	GMP biosynthetic process (GO:0006177)	0.004555924329906702
xgb	0016740	transferase activity (GO:0016740)	0.004501809366047382
xgb	0004813	alanine-tRNA ligase activity (GO:0004813)	0.00444996589794755
xgb	0016879	ligase activity, forming carbon-nitrogen bonds (GO:0016879)	0.004404615610837936
xgb	0000166	nucleotide binding (GO:0000166)	0.00437819492071867
xgb	0005524	ATP binding (GO:0005524)	0.004363443236798048
xgb	0006353	DNA-templated transcription termination (GO:0006353)	0.00436215428635478
xgb	0006419	alanyl-tRNA aminoacylation (GO:0006419)	0.004319875501096249
xgb	0006402	mRNA catabolic process (GO:0006402)	0.004314448684453964
xgb	0070006	metalloaminopeptidase activity (GO:0070006)	0.00431433878839016
xgb	0005525	GTP binding (GO:0005525)	0.0043027871288359165
xgb	0006364	rRNA processing (GO:0006364)	0.00429997593164444
xgb	0003887	DNA-directed DNA polymerase activity (GO:0003887)	0.004255560226738453
xgb	0016853	isomerase activity (GO:0016853)	0.00425488967448473
xgb	0015035	protein-disulfide reductase activity (GO:0015035)	0.004234692547470331
xgb	0016746	acyltransferase activity (GO:0016746)	0.004211127758026123
xgb	0004831	tyrosine-tRNA ligase activity (GO:0004831)	0.004202524200081825
xgb	0004812	aminoacyl-tRNA ligase activity (GO:0004812)	0.004177541006356478
xgb	0006396	RNA processing (GO:0006396)	0.004135435912758112
xgb	0006412	translation (GO:0006412)	0.004122041631489992
xgb	0006418	tRNA aminoacylation for protein translation (GO:0006418)	0.004096024204045534
xgb	0004222	metalloendopeptidase activity (GO:0004222)	0.0040727038867771626
xgb	0009058	biosynthetic process (GO:0009058)	0.0040496597066521645
xgb	0008408	3'-5' exonuclease activity (GO:0008408)	0.0040426854975521564
xgb	0006465	signal peptide processing (GO:0006465)	0.003945508506149054
xgb	0030170	pyridoxal phosphate binding (GO:0030170)	0.003944725729525089
xgb	0008270	zinc ion binding (GO:0008270)	0.003938504494726658
xgb	0016887	ATP hydrolysis activity (GO:0016887)	0.003876365954056382
xgb	0009152	purine ribonucleotide biosynthetic process (GO:0009152)	0.0038721400778740644
xgb	0005886	plasma membrane (GO:0005886)	0.0038675712421536446
xgb	0043190	ATP-binding cassette (ABC) transporter complex (GO:0043190)	0.003856344148516655
xgb	0016301	kinase activity (GO:0016301)	0.003852371359243989
xgb	0006260	DNA replication (GO:0006260)	0.003845320316031575
xgb	0006520	amino acid metabolic process (GO:0006520)	0.003801915794610977
xgb	0042586	peptide deformylase activity (GO:0042586)	0.0038005602546036243
xgb	0004252	serine-type endopeptidase activity (GO:0004252)	0.0037933001294732094
xgb	0009252	peptidoglycan biosynthetic process (GO:0009252)	0.003770262934267521
xgb	0008233	peptidase activity (GO:0008233)	0.0037508103996515274
xgb	0003899	DNA-directed RNA polymerase activity (GO:0003899)	0.00374645390547812
xgb	0008658	penicillin binding (GO:0008658)	0.00374588486738503
xgb	0006310	DNA recombination (GO:0006310)	0.0037423812318593264
xgb	0000049	tRNA binding (GO:0000049)	0.003708216128870845
xgb	0008080	N-acetyltransferase activity (GO:0008080)	0.003706855932250619
xgb	0071949	FAD binding (GO:0071949)	0.003631201572716236
xgb	0004818	glutamate-tRNA ligase activity (GO:0004818)	0.003621622920036316
xgb	0000287	magnesium ion binding (GO:0000287)	0.0036163844633847475
xgb	0006221	pyrimidine nucleotide biosynthetic process (GO:0006221)	0.0035984187852591276
xgb	0004386	helicase activity (GO:0004386)	0.0035893674939870834
xgb	0043022	ribosome binding (GO:0043022)	0.0035496035125106573
xgb	0015949	nucleobase-containing small molecule interconversi (GO:0015949)	0.0035385843366384506
xgb	0003746	translation elongation factor activity (GO:0003746)	0.0035259798169136047
xgb	0006269	DNA replication, synthesis of primer (GO:0006269)	0.003515880787745118
xgb	0003723	RNA binding (GO:0003723)	0.0034858754370361567
xgb	0016149	translation release factor activity, codon specifi (GO:0016149)	0.0034765596501529217
xgb	0004825	methionine-tRNA ligase activity (GO:0004825)	0.0034690159372985363
xgb	0003676	nucleic acid binding (GO:0003676)	0.0034249869640916586
xgb	0003678	DNA helicase activity (GO:0003678)	0.0034123370423913
xgb	0008654	phospholipid biosynthetic process (GO:0008654)	0.0033840767573565245
xgb	0015935	small ribosomal subunit (GO:0015935)	0.003273958573117852
xgb	0051301	cell division (GO:0051301)	0.003237934783101082
xgb	0016874	ligase activity (GO:0016874)	0.0031882908660918474
xgb	0008094	ATP-dependent activity, acting on DNA (GO:0008094)	0.0031856284476816654
xgb	0016787	hydrolase activity (GO:0016787)	0.0031823706813156605
xgb	0016020	membrane (GO:0016020)	0.0030151628889143467
xgb	0003697	single-stranded DNA binding (GO:0003697)	0.0030065809842199087
xgb	0016226	iron-sulfur cluster assembly (GO:0016226)	0.0029845971148461103
xgb	0004478	methionine adenosyltransferase activity (GO:0004478)	0.0029595131054520607
xgb	0002949	tRNA threonylcarbamoyladenosine modification (GO:0002949)	0.002891047392040491
xgb	0004140	dephospho-CoA kinase activity (GO:0004140)	0.002783059375360608
xgb	0006435	threonyl-tRNA aminoacylation (GO:0006435)	0.0026682941243052483
xgb	0004814	arginine-tRNA ligase activity (GO:0004814)	0.002418089658021927
xgb	0019843	rRNA binding (GO:0019843)	0.0023698352742940187
xgb	0004826	phenylalanine-tRNA ligase activity (GO:0004826)	0.0020850151777267456
xgb	0000314	organellar small ribosomal subunit (GO:0000314)	0.0020474137272685766
xgb	0006289	nucleotide-excision repair (GO:0006289)	0.0020313875284045935
xgb	0004822	isoleucine-tRNA ligase activity (GO:0004822)	0.0019269105978310108
xgb	0003743	translation initiation factor activity (GO:0003743)	0.0019137192284688354
xgb	0004750	D-ribulose-phosphate 3-epimerase activity (GO:0004750)	0.0017582052387297153
xgb	0016434	rRNA (cytosine) methyltransferase activity (GO:0016434)	0.0016802825266495347
xgb	0004479	methionyl-tRNA formyltransferase activity (GO:0004479)	0.0016347358468919992
xgb	0000311	plastid large ribosomal subunit (GO:0000311)	0.0
xgb	0000179	rRNA (adenine-N6,N6-)-dimethyltransferase activity (GO:0000179)	0.0
xgb	0004832	valine-tRNA ligase activity (GO:0004832)	0.0
xgb	0004828	serine-tRNA ligase activity (GO:0004828)	0.0
xgb	0005047	signal recognition particle binding (GO:0005047)	0.0
xgb	0005048	signal sequence binding (GO:0005048)	0.0
xgb	0004821	histidine-tRNA ligase activity (GO:0004821)	0.0
xgb	0004595	pantetheine-phosphate adenylyltransferase activity (GO:0004595)	0.0
xgb	0004823	leucine-tRNA ligase activity (GO:0004823)	0.0
xgb	0006614	SRP-dependent cotranslational protein targeting to (GO:0006614)	0.0
xgb	0009379	Holliday junction helicase complex (GO:0009379)	0.0
xgb	0009378	four-way junction helicase activity (GO:0009378)	0.0
xgb	0006432	phenylalanyl-tRNA aminoacylation (GO:0006432)	0.0
xgb	0006431	methionyl-tRNA aminoacylation (GO:0006431)	0.0
xgb	0006438	valyl-tRNA aminoacylation (GO:0006438)	0.0
xgb	0006437	tyrosyl-tRNA aminoacylation (GO:0006437)	0.0
xgb	0006436	tryptophanyl-tRNA aminoacylation (GO:0006436)	0.0
xgb	0006556	S-adenosylmethionine biosynthetic process (GO:0006556)	0.0
xgb	0006427	histidyl-tRNA aminoacylation (GO:0006427)	0.0
xgb	0006426	glycyl-tRNA aminoacylation (GO:0006426)	0.0
xgb	0006423	cysteinyl-tRNA aminoacylation (GO:0006423)	0.0
xgb	0006420	arginyl-tRNA aminoacylation (GO:0006420)	0.0
xgb	0006413	translational initiation (GO:0006413)	0.0
xgb	0006428	isoleucyl-tRNA aminoacylation (GO:0006428)	0.0
xgb	0006430	lysyl-tRNA aminoacylation (GO:0006430)	0.0
xgb	0006429	leucyl-tRNA aminoacylation (GO:0006429)	0.0
xgb	0006434	seryl-tRNA aminoacylation (GO:0006434)	0.0
xgb	0006433	prolyl-tRNA aminoacylation (GO:0006433)	0.0
xgb	0015739	sialic acid transport (GO:0015739)	0.0
xgb	0015136	sialic acid transmembrane transporter activity (GO:0015136)	0.0
xgb	0048501	signal recognition particle, plasma membrane targe (GO:0048501)	0.0
xgb	0033862	UMP kinase activity (GO:0033862)	0.0
xgb	0052906	tRNA (guanine(37)-N1)-methyltransferase activity (GO:0052906)	0.0
xgb	0071951	conversion of methionyl-tRNA to N-formyl-methionyl (GO:0071951)	0.0
lr	0003746	translation elongation factor activity (GO:0003746)	0.6056037101145142
lr	0008757	S-adenosylmethionine-dependent methyltransferase a (GO:0008757)	0.5914883166835987
lr	0003824	catalytic activity (GO:0003824)	0.5727561264881997
lr	0004252	serine-type endopeptidase activity (GO:0004252)	0.5690872261586946
lr	0016020	membrane (GO:0016020)	0.557929363459231
lr	0016491	oxidoreductase activity (GO:0016491)	0.5530597460088503
lr	0007165	signal transduction (GO:0007165)	0.5528727033056031
lr	0006414	translational elongation (GO:0006414)	0.5520778720861353
lr	0008033	tRNA processing (GO:0008033)	0.5454469784530412
lr	0006289	nucleotide-excision repair (GO:0006289)	0.5413324979389582
lr	0030170	pyridoxal phosphate binding (GO:0030170)	0.5392930055193284
lr	0005515	protein binding (GO:0005515)	0.5318886168361399
lr	0006265	DNA topological change (GO:0006265)	0.529645176591914
lr	0009055	electron transfer activity (GO:0009055)	0.526332000873136
lr	0000287	magnesium ion binding (GO:0000287)	0.5203574764124748
lr	0016787	hydrolase activity (GO:0016787)	0.5176819242313102
lr	0009306	protein secretion (GO:0009306)	0.5146992749240127
lr	0046872	metal ion binding (GO:0046872)	0.5069307210503756
lr	0010181	FMN binding (GO:0010181)	0.5037128376001673
lr	0005975	carbohydrate metabolic process (GO:0005975)	0.4956801591809743
lr	0008408	3'-5' exonuclease activity (GO:0008408)	0.4809829985671023
lr	0006424	glutamyl-tRNA aminoacylation (GO:0006424)	0.47920088407182115
lr	0003899	DNA-directed RNA polymerase activity (GO:0003899)	0.4570581990667017
lr	0032784	regulation of DNA-templated transcription elongati (GO:0032784)	0.4544534536899254
lr	0008168	methyltransferase activity (GO:0008168)	0.45164715741811823
lr	0006260	DNA replication (GO:0006260)	0.4510655281299492
lr	0000166	nucleotide binding (GO:0000166)	0.4464059354978512
lr	0006433	prolyl-tRNA aminoacylation (GO:0006433)	0.43956449451886237
lr	0006351	DNA-templated transcription (GO:0006351)	0.43478474889887436
lr	0003677	DNA binding (GO:0003677)	0.43010102743711714
lr	0051082	unfolded protein binding (GO:0051082)	0.42949001396547953
lr	genes_total	Total genes (genome size)	0.4288009305832567
lr	0006006	glucose metabolic process (GO:0006006)	0.4223520931937429
lr	0003676	nucleic acid binding (GO:0003676)	0.41986724942508913
lr	0055052	ATP-binding cassette (ABC) transporter complex, su (GO:0055052)	0.4185928367257009
lr	0006508	proteolysis (GO:0006508)	0.41083291513833753
lr	0009252	peptidoglycan biosynthetic process (GO:0009252)	0.4097706224529387
lr	0001522	pseudouridine synthesis (GO:0001522)	0.4036768141682223
lr	0000160	phosphorelay signal transduction system (GO:0000160)	0.40167592350890596
lr	0008654	phospholipid biosynthetic process (GO:0008654)	0.3978962796554384
lr	0003735	structural constituent of ribosome (GO:0003735)	0.39613025006860997
lr	0016301	kinase activity (GO:0016301)	0.39158141130251306
lr	0016757	glycosyltransferase activity (GO:0016757)	0.39055793483530604
lr	0008360	regulation of cell shape (GO:0008360)	0.3844135742424116
lr	0004827	proline-tRNA ligase activity (GO:0004827)	0.3685491111689974
lr	0015035	protein-disulfide reductase activity (GO:0015035)	0.3661228040835193
lr	0006396	RNA processing (GO:0006396)	0.3659013550608546
lr	0036211	protein modification process (GO:0036211)	0.36472110134008723
lr	0006457	protein folding (GO:0006457)	0.3643383392822215
lr	0009435	NAD+ biosynthetic process (GO:0009435)	0.3630336114403653
lr	0052381	tRNA dimethylallyltransferase activity (GO:0052381)	0.36118136091859765
lr	0006633	fatty acid biosynthetic process (GO:0006633)	0.3603212389085691
lr	0016987	sigma factor activity (GO:0016987)	0.3593862006676038
lr	0008233	peptidase activity (GO:0008233)	0.35641585983595897
lr	0003678	DNA helicase activity (GO:0003678)	0.35623075296143214
lr	0022857	transmembrane transporter activity (GO:0022857)	0.3552546831198684
lr	0008270	zinc ion binding (GO:0008270)	0.35205270308077435
lr	0016874	ligase activity (GO:0016874)	0.351202204796891
lr	0042254	ribosome biogenesis (GO:0042254)	0.350428881792984
lr	0016740	transferase activity (GO:0016740)	0.34745950874150394
lr	0043190	ATP-binding cassette (ABC) transporter complex (GO:0043190)	0.3470129071140077
lr	0003723	RNA binding (GO:0003723)	0.34467470382329923
lr	0006415	translational termination (GO:0006415)	0.34360712321335696
lr	0043952	protein transport by the Sec complex (GO:0043952)	0.3425302890224372
lr	0006281	DNA repair (GO:0006281)	0.34225628123549307
lr	0015450	protein-transporting ATPase activity (GO:0015450)	0.34018765133267176
lr	0006465	signal peptide processing (GO:0006465)	0.3358067481452708
lr	0004829	threonine-tRNA ligase activity (GO:0004829)	0.33580045837854916
lr	0050660	flavin adenine dinucleotide binding (GO:0050660)	0.3330053172883135
lr	0002949	tRNA threonylcarbamoyladenosine modification (GO:0002949)	0.33298813932501825
lr	0008324	monoatomic cation transmembrane transporter activi (GO:0008324)	0.3322058551752003
lr	0003887	DNA-directed DNA polymerase activity (GO:0003887)	0.3309885320927536
lr	0005886	plasma membrane (GO:0005886)	0.3307687043744179
lr	0006426	glycyl-tRNA aminoacylation (GO:0006426)	0.3290925212229313
lr	0004820	glycine-tRNA ligase activity (GO:0004820)	0.3290925212229313
lr	0006221	pyrimidine nucleotide biosynthetic process (GO:0006221)	0.32758977195191497
lr	0009451	RNA modification (GO:0009451)	0.32631075234543044
lr	0003922	GMP synthase (glutamine-hydrolyzing) activity (GO:0003922)	0.32253143665880735
lr	0071949	FAD binding (GO:0071949)	0.32171042653094667
lr	0005840	ribosome (GO:0005840)	0.31947944894633606
lr	0006400	tRNA modification (GO:0006400)	0.30967482280918235
lr	0006364	rRNA processing (GO:0006364)	0.3085673562418668
lr	0000314	organellar small ribosomal subunit (GO:0000314)	0.30742761493141013
lr	0009058	biosynthetic process (GO:0009058)	0.30488490717015515
lr	0006412	translation (GO:0006412)	0.2993689339694314
lr	0003755	peptidyl-prolyl cis-trans isomerase activity (GO:0003755)	0.2989640584636928
lr	0006418	tRNA aminoacylation for protein translation (GO:0006418)	0.2944527747887809
lr	0016746	acyltransferase activity (GO:0016746)	0.29207987665173635
lr	0022627	cytosolic small ribosomal subunit (GO:0022627)	0.2898318363112287
lr	0000049	tRNA binding (GO:0000049)	0.2895511262826789
lr	0042026	protein refolding (GO:0042026)	0.28873178571657127
lr	0006098	pentose-phosphate shunt (GO:0006098)	0.2872797458715742
lr	0016620	oxidoreductase activity, acting on the aldehyde or (GO:0016620)	0.28707094332905886
lr	0015937	coenzyme A biosynthetic process (GO:0015937)	0.286848658874175
lr	0140662	ATP-dependent protein folding chaperone (GO:0140662)	0.28472979912662943
lr	0009982	pseudouridine synthase activity (GO:0009982)	0.284683865708959
lr	0004190	aspartic-type endopeptidase activity (GO:0004190)	0.28252680711049527
lr	0016310	phosphorylation (GO:0016310)	0.27948643656758726
lr	0043022	ribosome binding (GO:0043022)	0.27897131560263877
lr	0008173	RNA methyltransferase activity (GO:0008173)	0.27869713157026055
lr	0009380	excinuclease repair complex (GO:0009380)	0.27861231591063096
lr	0015935	small ribosomal subunit (GO:0015935)	0.277609773198331
lr	0009360	DNA polymerase III complex (GO:0009360)	0.2759262886475785
lr	0006275	regulation of DNA replication (GO:0006275)	0.2753639011553567
lr	0051301	cell division (GO:0051301)	0.27450505026616145
lr	0015934	large ribosomal subunit (GO:0015934)	0.2730005553153977
lr	0006520	amino acid metabolic process (GO:0006520)	0.2697273900801291
lr	0005737	cytoplasm (GO:0005737)	0.2696152126264901
lr	0051539	4 iron, 4 sulfur cluster binding (GO:0051539)	0.2687370552589107
lr	0016462	pyrophosphatase activity (GO:0016462)	0.2672078185459884
lr	0016226	iron-sulfur cluster assembly (GO:0016226)	0.2638712665658274
lr	0050661	NADP binding (GO:0050661)	0.26218265580844163
lr	0008658	penicillin binding (GO:0008658)	0.26143851181568784
lr	0005525	GTP binding (GO:0005525)	0.26127372749100614
lr	0070006	metalloaminopeptidase activity (GO:0070006)	0.25680590149900473
lr	0008094	ATP-dependent activity, acting on DNA (GO:0008094)	0.2549890001934623
lr	0009152	purine ribonucleotide biosynthetic process (GO:0009152)	0.25081627344081375
lr	0016853	isomerase activity (GO:0016853)	0.24860496423463957
lr	0004540	RNA nuclease activity (GO:0004540)	0.2428796762757562
lr	0016149	translation release factor activity, codon specifi (GO:0016149)	0.24273391015038084
lr	0009379	Holliday junction helicase complex (GO:0009379)	0.2412868077521698
lr	0006310	DNA recombination (GO:0006310)	0.24105099854447964
lr	0015031	protein transport (GO:0015031)	0.23963493801335722
lr	0051287	NAD binding (GO:0051287)	0.23695591657372034
lr	0004479	methionyl-tRNA formyltransferase activity (GO:0004479)	0.23664494980760659
lr	0003684	damaged DNA binding (GO:0003684)	0.23448081080421557
lr	0006435	threonyl-tRNA aminoacylation (GO:0006435)	0.23246195866784877
lr	0004523	RNA-DNA hybrid ribonuclease activity (GO:0004523)	0.23237472326042302
lr	0006419	alanyl-tRNA aminoacylation (GO:0006419)	0.22920513830874578
lr	0016887	ATP hydrolysis activity (GO:0016887)	0.22634068987112518
lr	0016434	rRNA (cytosine) methyltransferase activity (GO:0016434)	0.22359496520332828
lr	0008080	N-acetyltransferase activity (GO:0008080)	0.22357760964080772
lr	0006269	DNA replication, synthesis of primer (GO:0006269)	0.2234682501299221
lr	0004222	metalloendopeptidase activity (GO:0004222)	0.22123911256015494
lr	0006355	regulation of DNA-templated transcription (GO:0006355)	0.2207524091484619
lr	0003700	DNA-binding transcription factor activity (GO:0003700)	0.21932404988390936
lr	0055085	transmembrane transport (GO:0055085)	0.21916823608886382
lr	0006353	DNA-templated transcription termination (GO:0006353)	0.218769072514988
lr	0008649	rRNA methyltransferase activity (GO:0008649)	0.21827709180428648
lr	0004826	phenylalanine-tRNA ligase activity (GO:0004826)	0.2159331993974963
lr	0004812	aminoacyl-tRNA ligase activity (GO:0004812)	0.2159062232802123
lr	0009116	nucleoside metabolic process (GO:0009116)	0.21328374906398664
lr	0016879	ligase activity, forming carbon-nitrogen bonds (GO:0016879)	0.2126752977286778
lr	0003924	GTPase activity (GO:0003924)	0.21256004959625927
lr	0006096	glycolytic process (GO:0006096)	0.21210629831523004
lr	0022625	cytosolic large ribosomal subunit (GO:0022625)	0.20890047928153896
lr	0004814	arginine-tRNA ligase activity (GO:0004814)	0.20830669340514735
lr	0006420	arginyl-tRNA aminoacylation (GO:0006420)	0.20830669340514735
lr	0019843	rRNA binding (GO:0019843)	0.20498549645110858
lr	0009228	thiamine biosynthetic process (GO:0009228)	0.2040284611041025
lr	0015949	nucleobase-containing small molecule interconversi (GO:0015949)	0.20336161254855997
lr	0031167	rRNA methylation (GO:0031167)	0.20190219828946443
lr	0005524	ATP binding (GO:0005524)	0.20135965158608096
lr	0003918	DNA topoisomerase type II (double strand cut, ATP- (GO:0003918)	0.19779769577918643
lr	0004825	methionine-tRNA ligase activity (GO:0004825)	0.19451875462464285
lr	0006432	phenylalanyl-tRNA aminoacylation (GO:0006432)	0.1881917617675844
lr	0008299	isoprenoid biosynthetic process (GO:0008299)	0.18726760232839607
lr	0006556	S-adenosylmethionine biosynthetic process (GO:0006556)	0.17756636404252654
lr	0000179	rRNA (adenine-N6,N6-)-dimethyltransferase activity (GO:0000179)	0.17664697502591423
lr	0008152	metabolic process (GO:0008152)	0.1762311774238247
lr	0006164	purine nucleotide biosynthetic process (GO:0006164)	0.17266888880149545
lr	0006402	mRNA catabolic process (GO:0006402)	0.17219781672073003
lr	0042586	peptide deformylase activity (GO:0042586)	0.16882021275887685
lr	0004818	glutamate-tRNA ligase activity (GO:0004818)	0.16779120025945327
lr	0006437	tyrosyl-tRNA aminoacylation (GO:0006437)	0.16748382400671163
lr	0004831	tyrosine-tRNA ligase activity (GO:0004831)	0.16748382400671163
lr	0004045	peptidyl-tRNA hydrolase activity (GO:0004045)	0.1650412252193429
lr	0006177	GMP biosynthetic process (GO:0006177)	0.16371454186059
lr	0140359	ABC-type transporter activity (GO:0140359)	0.1620163095813968
lr	0000315	organellar large ribosomal subunit (GO:0000315)	0.16095290718804686
lr	0071951	conversion of methionyl-tRNA to N-formyl-methionyl (GO:0071951)	0.15978298758892798
lr	0004832	valine-tRNA ligase activity (GO:0004832)	0.15722077826785327
lr	0006438	valyl-tRNA aminoacylation (GO:0006438)	0.15722077826785327
lr	0042626	ATPase-coupled transmembrane transporter activity (GO:0042626)	0.15139200752486648
lr	0004595	pantetheine-phosphate adenylyltransferase activity (GO:0004595)	0.15096289090532808
lr	0004828	serine-tRNA ligase activity (GO:0004828)	0.14608711303231908
lr	0006434	seryl-tRNA aminoacylation (GO:0006434)	0.14608711303231908
lr	0033862	UMP kinase activity (GO:0033862)	0.14385488474687502
lr	0004813	alanine-tRNA ligase activity (GO:0004813)	0.14272375037187443
lr	0009378	four-way junction helicase activity (GO:0009378)	0.14221231441406634
lr	0006413	translational initiation (GO:0006413)	0.14030368188083428
lr	0004478	methionine adenosyltransferase activity (GO:0004478)	0.13809337596917454
lr	0006431	methionyl-tRNA aminoacylation (GO:0006431)	0.13641836943888314
lr	0006428	isoleucyl-tRNA aminoacylation (GO:0006428)	0.1273698443442628
lr	0004822	isoleucine-tRNA ligase activity (GO:0004822)	0.1273698443442628
lr	0004140	dephospho-CoA kinase activity (GO:0004140)	0.12395574502954344
lr	0052906	tRNA (guanine(37)-N1)-methyltransferase activity (GO:0052906)	0.12352425115746442
lr	0004750	D-ribulose-phosphate 3-epimerase activity (GO:0004750)	0.11999063850186192
lr	0003743	translation initiation factor activity (GO:0003743)	0.11740513450611487
lr	0004386	helicase activity (GO:0004386)	0.11369627281088998
lr	0004830	tryptophan-tRNA ligase activity (GO:0004830)	0.11141648360795589
lr	0006436	tryptophanyl-tRNA aminoacylation (GO:0006436)	0.11141648360795589
lr	0004823	leucine-tRNA ligase activity (GO:0004823)	0.10950072558706536
lr	0006429	leucyl-tRNA aminoacylation (GO:0006429)	0.10950072558706536
lr	0006614	SRP-dependent cotranslational protein targeting to (GO:0006614)	0.10733243302206696
lr	0003697	single-stranded DNA binding (GO:0003697)	0.09811791439990744
lr	0006423	cysteinyl-tRNA aminoacylation (GO:0006423)	0.08202782249562099
lr	0004817	cysteine-tRNA ligase activity (GO:0004817)	0.08202782249562099
lr	0004824	lysine-tRNA ligase activity (GO:0004824)	0.07084988874715177
lr	0006430	lysyl-tRNA aminoacylation (GO:0006430)	0.07084988874715177
lr	0004821	histidine-tRNA ligase activity (GO:0004821)	0.06947316373799994
lr	0006427	histidyl-tRNA aminoacylation (GO:0006427)	0.06947316373799994
lr	0048501	signal recognition particle, plasma membrane targe (GO:0048501)	0.06091338331107011
lr	0005048	signal sequence binding (GO:0005048)	0.06091338331107011
lr	go_total	Total annotated GO domains	0.03287736283980903
lr	0015739	sialic acid transport (GO:0015739)	0.03253457640521713
lr	0015136	sialic acid transmembrane transporter activity (GO:0015136)	0.03253457640521713
lr	0005047	signal recognition particle binding (GO:0005047)	0.026744015462083243
lr	0000311	plastid large ribosomal subunit (GO:0000311)	0.024871283194538463
